1.0	0.9825040579978735	1.1987339450230434	1.372356503303659	1.3618727167375337	1.4558519543544484	1.5415973560596747	1.635009458900469	23.85938920579338	25.480568835426453	27.201687126794255	25.32290456585346	2595.444807181866	0.0	508.6878057465217	26.014310299179712	22.881406683705624	21.35481770145425	23.07345687102839	20.755388222776567	20.392641772888695	18.64680180842908	195.23332449588597	1.7026291493650425	1.7208740471566466	1.7461791961286548	0.0	363.25000380019594	21.281095602824724	23.4710138705611	22.289399534751684	27.602111487550193	30.649655506909717	25.577423502745717	31.347444675864985	24.144079724656265	24.002417293343445	40.37547253729234	2.587629215785362	2.7296925570659463	21.083782982683452	23.004008755396338	22.50396431166502	58.87091166517377	58.39780448121566	20.48627059528305	22.7580220132187	21.929012318830857	18.769684003007796	1085.5732730915183	2.7047128338031197	22.423347212858957	35.61580265545069	23.690990351983906	24.23689184533077	21.305640654706625	23.19888769085652	27.06407142220637	27.09349783358545	3.82906033395205	3.3397375401993217	2096.8321058207257	48.540749144595026	27.564638340418412	20.462703095358847	23.581244526908996	0.0	69.59237875706259	21.223465796348115	18.84706895664411	17.805223986172887	183.17325838577736
1.0178724869948277	1.0	1.2200589975327625	1.3966861646546074	1.3860880962750537	1.4817468740125133	1.5690681749565498	1.664116381112467	24.283093860093803	25.93158793881595	27.681777743430832	25.775552845205375	2642.0054611949254	0.0	517.70487672028	26.47657725784289	23.288499032673293	21.73781328103855	23.484097796741334	21.126494078217497	20.75766098231594	18.984807834060817	198.76530907545322	1.7330423436048616	1.7515918801730055	1.7773111415047294	0.0	369.74086750838734	21.66128109845115	23.888002238892387	22.686341699023927	28.090800272451492	31.188866990975967	26.02973079599669	31.89881636827983	24.57235807415001	24.427955375657902	41.10224694243061	2.6337660381738446	2.778499127655529	21.463210079656847	23.417490013708598	22.908088227997297	59.92317016875457	59.44330059518777	20.85290188128024	23.163851124801475	22.321213365000318	19.108527367785527	1105.128372005441	2.7533335367811125	22.822580289326837	36.25260137465014	24.111717317793598	24.666694921715305	21.68615474162228	23.611186780442317	27.542411720697668	27.57796446238873	3.898062310797923	3.39964000074122	2133.992033485126	49.39873597638059	28.0505461915827	20.828631014307845	24.00657292330636	0.0	70.84668886495814	21.606101755340802	19.18705094299071	18.12685838853638	186.4945383781987
0.8343132759495672	0.8196494595417754	1.0	1.144748671541371	1.1360863511499784	1.214492741277895	1.2860822759333532	1.3639812774925304	19.903040325474223	21.25381486404587	22.68759280029082	21.12734231877191	2165.5558895412137	0.0	424.31887692242583	21.70101659835954	19.088145707663628	17.818287218382476	19.248509264919434	17.31664781704558	17.01439126544264	15.562862802840824	162.93694293619828	1.420513310212555	1.4357065286825486	1.4567739447387935	0.0	303.064102651076	17.754933248920434	19.57928090419668	18.594678481297663	23.023454240594145	25.561529663906644	21.333914209211162	26.143367500312905	20.140148171179	20.021641375513642	33.69207676020564	2.158768620598583	2.277441974663083	17.593658451288256	19.195353720712358	18.77770482943867	49.11736141074619	48.72452424459416	17.09265474485399	18.986274641211445	18.29603611701483	15.663777836775772	905.913412189315	2.256908309451362	18.70632945319931	29.715281333495188	19.76264644966047	20.2173410363956	17.775430259944812	19.35261654543255	22.573893336716857	22.604890797287474	3.195309410557362	2.7866499378488596	1749.0831083818107	40.48747975485723	22.98983074246748	17.07260544504202	19.678731583349055	0.0	58.07434957786557	17.71097502300515	15.728075651894379	14.859223692824497	152.8810297285545
0.7289386195232385	0.7160838946433987	0.8736307326271441	1.0	0.992501778809097	1.0610063103627652	1.1235842861019052	1.1916215199825935	17.38731484406709	18.56602033830782	19.817351674117273	18.45897731566859	1892.1685690519419	0.0	370.6672320961489	18.958145794166693	16.676053180797577	15.569038466747964	16.816203139054792	15.129857058003724	14.866043400373016	13.60094577188689	142.38881187579545	1.2410989022811636	1.254350998071934	1.2727273707668079	0.0	264.77285511148204	15.512368450732172	17.104368545083762	16.245278475460466	20.111616705941316	22.32607107482743	18.63555405770017	22.834032400303354	17.593798353810254	17.490240666693413	29.440937631775018	1.8860327190941064	1.9898336247626238	15.373369275536591	16.772865160386097	16.40769682631197	42.91374491262214	42.57248840256399	14.934326645325784	16.587452211042216	15.985487182094076	13.688172662690842	791.5922701484094	1.9720828407105635	16.342493931992973	25.962618643560525	17.264431712892286	17.66122645427602	15.530306282910253	16.906667021354828	19.718371865501823	19.750015773208073	2.7921522946457413	2.4348728132385458	1527.9617509009788	35.36622429080467	20.080598339545894	14.916669455416798	17.196485529214772	0.0	50.74776125776548	15.476839584685582	13.744126147882882	12.985299967518067	133.60887636271312
0.7343919404687311	0.7214782125519407	0.8802304976087683	1.0076242478817243	1.0	1.0690269239668604	1.1320430432651076	1.200607151015228	17.519003896061577	18.707851928241215	19.9696908008531	18.596989815297366	1906.1966435411082	0.0	373.48224411508784	19.101647084772395	16.801831741233027	15.684417726177834	16.94305903891104	15.242864825093871	14.976799816975484	13.699423250322605	143.42562745092394	1.250384978165878	1.2637523339550703	1.2822938888134074	0.0	266.7601180561421	15.628379690314432	17.234079262056415	16.367726255763838	20.2654162697238	22.499420671813812	18.778377128970003	23.011418096448267	17.727623719030408	17.62332771945265	29.65751724200559	1.9002093637944173	2.004689386329213	15.486494626567463	16.896574269054135	16.528744524002153	43.23469259133562	42.888948229253735	15.045500132745223	16.712088506315133	16.10476165961118	13.788122488314803	797.4068095308288	1.9866421095783429	16.46578935062668	26.15645439042739	17.3954237616098	17.795553304720844	15.646385622788934	17.03460226329098	19.869645436685055	19.8974621897062	2.8126427637341442	2.4529149683868057	1539.49951821271	35.63751408751018	20.235692239287758	15.027900208073245	17.32238802630155	0.0	51.11999669336168	15.590214152501051	13.84474155422378	13.079950954137711	134.57549462811642
0.6869734857285676	0.6748974283923362	0.823400934421761	0.9425765619544906	0.9354487651701917	1.0	1.0589572205731328	1.123099062162941	16.388201692308712	17.500210311719137	18.680834372582726	17.396229180364102	1783.1507230820996	0.0	349.38013107570606	17.8684771618169	15.71712402031877	14.671637643369612	15.849185657947944	14.258605282093365	14.0097861336789	12.814595237750611	134.16454866493797	1.1696517708848535	1.182161333055443	1.1995063140624902	0.0	249.54007405838328	14.619471167326878	16.121521130160108	15.310800161498284	18.957249891367663	21.04686553143331	17.566142133956042	21.52591287894456	16.583242892200886	16.485727410099884	27.742303663370347	1.777529137430116	1.8752500301585742	14.486748330451958	15.805614692344353	15.461736017826729	40.44293253392289	40.120195916527244	14.074164316013418	15.633284244269491	15.06490911785111	12.89769987388522	745.9359599803288	1.858351478252721	15.402818018332283	24.46764920892293	16.27237920379304	16.646737462700916	14.636259612317533	15.934905460439746	18.58697260736423	18.61284984881075	2.6310510443924766	2.294539538808216	1440.1999132547305	33.336992418862806	18.92944012941038	14.057625167018639	16.203653274268813	0.0	47.81902249272677	14.583381308885313	12.95067008587206	12.235246450900284	125.88368028642616
0.6487176885894106	0.6373347341296052	0.7775837961813795	0.8901564638434636	0.8833978146066843	0.9443662149897027	1.0	1.0605909527355724	15.47647436943569	16.527210773762175	17.642540072754223	16.427313942183066	1683.6667831432665	0.0	329.94009511156645	16.87441773784714	14.842495847599684	13.854055531825459	14.96731276185482	13.464590487393009	13.22926652646413	12.098998673460985	126.67154205076613	1.1045158162360214	1.1163353379493108	1.1327283859498656	0.0	235.63346845058342	13.805154088941448	15.224581502086453	14.458865128690714	17.903135341590733	19.87819181168456	16.589793709241455	20.33052944693437	15.660772602704466	15.56866786861071	26.195150083851967	1.6785740735688446	1.7708089520142363	13.678448308602896	14.924295480522208	14.599568692111013	38.19005306539706	37.8842406005377	13.290014278336464	14.762715194946955	14.22577796677167	12.17803469461042	704.2846775610274	1.7547386662634488	14.545400375462952	23.10454025614831	15.367310547395919	15.721059736779043	13.821202735183295	15.048252837950765	17.553799257896806	17.57585440284893	2.4842083333367513	2.1666518007293574	1359.9624323777628	31.4837160351239	17.877709826043354	13.27461265234366	15.299729075626983	0.0	45.15111393559575	13.769903296086104	12.228107973987724	11.552410550877545	118.85207913507732
0.6116737019466223	0.6009304580171955	0.7331648067270194	0.8392934001329475	0.8329310666187055	0.8904198557687005	0.9428935511647318	1.0	14.592168677896863	15.582688916120158	16.634118804930154	15.48937347646713	1587.6501801397992	0.0	311.0891206399094	15.910347006640487	13.994586559112928	13.063190926222962	14.112285457033092	12.695630222060652	12.474004998983771	11.409081377283172	119.44716466068905	1.0414419407016822	1.0525832534725155	1.0680361532578169	0.0	222.17922471598817	13.016835631965602	14.354750292926227	13.63299141459404	16.880074910045657	18.741712504844877	15.641646715319398	19.168250647738354	14.766035384626514	14.679142881811723	24.700278628259433	1.5827071369062355	1.6696983883869527	12.897919885443343	14.072450283145319	13.766187384685384	36.0094741065392	35.72127920441765	12.531184148499497	13.919698175738022	13.413528216914909	11.483292974949597	664.1110851659605	1.654596973476554	13.714581130914599	21.785517520834684	14.489212040905398	14.822654024291529	13.031853911904925	14.18855712023926	16.550626416509218	16.57228599008352	2.3424965893629954	2.0429673585080668	1282.2424039447585	29.684435277470577	16.85581955516979	12.516618930170095	14.426772643355974	0.0	42.5750804768283	12.984134249524956	11.530448070360068	10.893362473456339	112.07686146256778
0.041925928599459004	0.041187789573368286	0.050250062347784334	0.05752172217951953	0.05708756446123849	0.06102840855308535	0.06462652096410408	0.06853995609543165	1.0	1.0679472974834747	1.139952448635897	1.0616906125112453	108.84065369956402	0.0	21.317961916714584	1.09044659062214	0.9591639619528892	0.8954338328829535	0.967239563828996	0.8702020590419963	0.8550155617211198	0.7821696134878309	8.188588963938562	0.0713836762175725	0.07214600130855793	0.07320364483867983	0.0	15.228371166815107	0.8922110882468942	0.9838347946353384	0.9344083431075595	1.1568683561031254	1.284368676283127	1.0719706407860403	1.3135842199502652	1.0120216684008432	1.006044904767167	1.6932032420556342	0.10848002047028707	0.11444703467676359	0.884149979413012	0.9646383732184508	0.9436357507027615	2.4681665759365377	2.4484815730250973	0.858935419600692	0.9540633612360215	0.9194024966374811	0.7872155058343314	45.52468130697903	0.1134206015213304	0.9399875919757746	1.4932683232372663	0.9930469178984769	1.0158914641217565	0.8932323687829178	0.9724563225208617	1.1342944308758593	1.1359359355269023	0.16057989291367922	0.1400384889844247	87.87383272429014	2.0344118439703136	1.1551451957672465	0.8579420959959189	0.9889915909073458	0.0	2.918539612074068	0.8900915599953126	0.7904315006623559	0.7467768486995447	7.683758096107215
0.039269526338321877	0.03857597343785009	0.047062756260038426	0.05386933379286516	0.05346620593359831	0.05715673044602712	0.06052874095005376	0.06419328627043817	0.9366412277919954	1.0	1.067489328975823	0.9944289528377991	101.9393060096806	0.0	19.966930401653734	1.021276126307789	0.8983301405655042	0.8387505385794084	0.9059000980300816	0.8150813967185488	0.8008723130175335	0.7327856611587172	7.671414923742017	0.06686046184810357	0.06757417426443066	0.06856335363552463	0.0	14.263403336049771	0.8356745437894016	0.9214023322079307	0.8751492552711228	1.0833846861550183	1.2025883139991842	1.0038648947286586	1.2299787577303989	0.9477668063640378	0.9421717671622887	1.5861499248587108	0.101602836100753	0.10719691807914844	0.828243359315236	0.9036279781725317	0.8839452247708072	2.311908896692318	2.293439262702979	0.8045497849535732	0.8935891644690789	0.861174163219222	0.7374662566297355	42.64730422182321	0.10624527955865751	0.8803923355351234	1.3986746889695467	0.930036967549357	0.9513914176554249	0.8366548323726507	0.9107606853057406	1.0621911125229302	1.0639966398817933	0.1504293264879387	0.1311760895041875	82.2953234253259	1.9051510567251175	1.0816716598015617	0.803594149701334	0.9264801662782736	0.0	2.734049989814262	0.8338157528298346	0.7404767865031667	0.6996019130125113	7.1986646699024215
0.03679937567346437	0.0361476685886595	0.04409887102628511	0.050473944616657475	0.05009858853295318	0.05355733346133317	0.05671811203981091	0.060151389892206114	0.8776248470848785	0.9370496324794844	1.0	0.9318629777406192	95.51293632001101	0.0	18.707337540787325	0.9569358174564291	0.8417560523577731	0.7860581829493541	0.848849796491676	0.7638198904355459	0.7505179626920747	0.6868572109745548	7.190385837178485	0.06265469300852326	0.06332221127294851	0.06424763101423425	0.0	13.366359502067944	0.7831111733902637	0.8633578654943708	0.8200606862804881	1.0150621522071246	1.1266728404555668	0.9405475458398985	1.1523151322083578	0.8880346564827136	0.8827859309089134	1.4865272873201358	0.09520775273844148	0.10045468949037749	0.7762155900927558	0.8468711584167041	0.828400519066039	2.1664733734376767	2.149274660226415	0.7539639984885442	0.8373333791352078	0.8070061556484188	0.6911907959838994	39.96775545004006	0.0995726463837083	0.8249387520409798	1.3107257093356537	0.8714281918735987	0.8914183322611378	0.7840102559135833	0.8533814076718639	0.9951781479615353	0.9970514397427576	0.14098269530428623	0.12293102761379497	77.11065510343758	1.7849246022782845	1.0134085218190356	0.7530536464471498	0.8683531983401881	0.0	2.562469250357301	0.7815079624407532	0.6940236176321564	0.6557259578382091	6.747581096430186
0.03949464009240968	0.03880373999292451	0.04734380567887697	0.054201112520171575	0.05378682134285306	0.057498566761700204	0.06088444552186707	0.06457418150809294	0.9423218743217728	1.0063557901362437	1.074315520335346	1.0	102.49644273099427	0.0	20.089982379747667	1.0274424748641755	0.9037002167544427	0.8433904637607604	0.9112862743402858	0.819722902791027	0.8053871784679831	0.7364101811529815	7.710133804871076	0.06724460660290756	0.06796509377225793	0.06896417539836386	0.0	14.346120208747564	0.8404750516262799	0.926975500930028	0.8803229203269045	1.0901262681795547	1.2105210819808765	1.0101925280699626	1.2380817810740818	0.9535607690277854	0.9479650260836954	1.5945652493936302	0.10219710803207195	0.1078080510476656	0.8326623082904823	0.9085188620213638	0.8887529110124349	2.325094481169161	2.3063464243852474	0.8090845597970121	0.8988212389619583	0.8660596167729606	0.7412703889546132	42.86867643006136	0.10681925281537985	0.8855996159200141	1.406606543084853	0.9356787212166268	0.9572460227092638	0.841447077169127	0.9162331602995981	1.068885508052572	1.0700132508468063	0.15121896646432126	0.131898678681028	82.80193608177684	1.9171396713582793	1.0886629330200315	0.8081610042070307	0.9313122061031058	0.0	2.748446053562488	0.838198167654034	0.7443350572284143	0.7031863162638311	7.233924550563313
0.00039314621831281247	0.0003863007814398335	0.0004713237330329402	0.0005396286539738754	0.0005354703398260199	0.000572431382206831	0.0006060708282236375	0.0006428432775955458	0.009382419717216414	0.010019858411103732	0.010694872365421318	0.009954770201263034	1.0	0.0	0.20015323174350055	0.010229171241176258	0.008996532200315098	0.008395352973064842	0.009072818186893462	0.008158355709845648	0.008016463248146945	0.00732630171411468	0.07670412181331719	0.0006693828330162452	0.0006765374595167034	0.0006865432024323793	0.0	0.14273933726085603	0.008366087756471708	0.009227826830717675	0.00876361106092644	0.010853685253107289	0.012056412300033938	0.010058015018788958	0.012329467798794217	0.009491137492660543	0.00943577995012218	0.01587216271271736	0.00101737449844367	0.0010731839321026816	0.008286922745647943	0.00904375763620403	0.008847620293940645	0.023135363841103516	0.022955356951043965	0.008053572974685829	0.008946442308263193	0.008620672135725232	0.0073771342111900945	0.4270265184327035	0.0010632086683560575	0.008815435536770189	0.01400373315227596	0.009315613945384455	0.009530776544745186	0.008377151191499645	0.00912110326345467	0.010643175359750389	0.010651622192755356	0.0015048363205645797	0.0013129118355097826	0.8223533686477436	0.01909023163991594	0.010839915977734111	0.008044883803774956	0.009267677690407962	0.0	0.0273445383510178	0.00834271877689449	0.007407779524834799	0.006998024768343804	0.07200014083416498
0.0	0.0	0.0	0.0	0.0	0.0	0.0	0.0	0.0	0.0	0.0	0.0	0.0	0.0	0.0	0.0	0.0	0.0	0.0	0.0	0.0	0.0	0.0	0.0	0.0	0.0	0.0	0.0	0.0	0.0	0.0	0.0	0.0	0.0	0.0	0.0	0.0	0.0	0.0	0.0	0.0	0.0	0.0	0.0	0.0	0.0	0.0	0.0	0.0	0.0	0.0	0.0	0.0	0.0	0.0	0.0	0.0	0.0	0.0	0.0	0.0	0.0	0.0	0.0	0.0	0.0	0.0	0.0	0.0	0.0	0.0	0.0
0.001975970721439879	0.001941110817446299	0.00236816834493863	0.002710715732716831	0.002690328783934826	0.0028760796697091915	0.003045644122308774	0.0032300769247016283	0.04712465326571099	0.0503251703087655	0.053713931129628543	0.05003654440651988	5.131717096241406	0.0	1.0	0.05138574204453611	0.04520140499194968	0.04220436496876792	0.04558912674458593	0.041015259666280286	0.040298072675805686	0.03687327931360496	0.38595051244370593	0.003364261347019952	0.0034000833164190194	0.0034499065332173153	0.0	0.7175048274286809	0.042044034917090044	0.04636216127911373	0.04403533314724961	0.05452140112441921	0.06053212472194012	0.05051460876960986	0.061904110369465644	0.047692777380043225	0.04740694858624923	0.07980787471148645	0.005112514030203522	0.0053937914236225236	0.041664404497226026	0.04546516210648133	0.044471871207683034	0.11631323487211874	0.11539600013784274	0.04048050580752365	0.0449613322610408	0.04332922059000908	0.03710532639482845	2.1460196630922264	0.005345762608307782	0.044296110203531	0.07037299790559425	0.046798049349585084	0.047873904812705356	0.042100073896409955	0.04582909360738334	0.05345276149130965	0.05352998633091984	0.0075680897515712576	0.00659983885652116	4.139794893437073	0.09585641206586651	0.05443968441984426	0.04043529423078478	0.04661200079169218	0.0	0.13756500888968368	0.041953715187059065	0.03725922526426449	0.03520048086425268	0.36226681686448153
0.03845306416538685	0.0377764749489166	0.04608847205263447	0.052758231739837805	0.052359801647379745	0.05597361485353043	0.059273781514855815	0.06286352346346709	0.9172745775232594	0.979523051022099	1.0455758260147563	0.9737588948102636	99.81719234247679	0.0	19.55386160397311	1.0	0.8797340632179613	0.8212668397884882	0.887131680444831	0.7981271470477495	0.7841977103171173	0.7173485828660637	7.510648072226273	0.06547058465143835	0.0661705284504971	0.06714098267746202	0.0	13.968253223776317	0.8183142568848688	0.9023687174496343	0.8569950570020382	1.0610795898168732	1.1780412094750579	0.9831978441424979	1.2048361837483692	0.9282238472529687	0.9227400614114398	1.552928992679632	0.09949575969661761	0.10496584662901838	0.8109237113276374	0.8847506463143473	0.8654804244173284	2.263838280532145	2.2457790510431344	0.7877992381477227	0.8750613301470657	0.8432539959482815	0.7220018476435468	41.75705470572829	0.10402531670631011	0.8621444233324783	1.3695578825817238	0.9107981663068155	0.9317582563393642	0.8192501022655322	0.891929998916267	1.0403427445054632	1.041864886706404	0.14728232999196866	0.1284386315037715	80.61986894856842	1.865955796498082	1.059523929322617	0.7868693436354565	0.9070483319773015	0.0	2.676862742586669	0.8163494387018522	0.7249569972960582	0.6849133959166657	7.047033136371068
0.04371339016677868	0.04294516056945964	0.052394916541047463	0.05997923155761334	0.05952466822709047	0.06363294585850361	0.06738355158907942	0.0714648161108973	1.0428001440999461	1.1135786617633088	1.1887000614171166	1.1069592990437849	113.46225792779448	0.0	22.231011594113852	1.1370106743237733	1.0	0.9335572129223867	1.0085146011431458	0.9072945256069187	0.8914565169458977	0.8154026768409239	8.536577777111331	0.07442659860816327	0.07522253467022327	0.07632679675886238	0.0	15.878723999667574	0.9302489464817288	1.0258439075005334	0.9742725183580865	1.2063126626518563	1.339347149807129	1.1177993962428128	1.3698278303471925	1.0552432948023838	1.0490211436510581	1.7652748639532037	0.11310763573773021	0.1193247773901672	0.9217945251201597	1.0057095614886988	0.9838339007977391	2.573556156435376	2.552831645529645	0.8955508768903765	0.9947775742618563	0.9585866369491955	0.820684796519075	47.46397469111432	0.11824941925447469	0.9801223259147893	1.5568982343729136	1.0354463181253857	1.0592773154816586	0.931319715133775	1.01397574624251	1.1827768575588553	1.184370112725693	0.16741458081469546	0.14600355502801898	91.64107353041084	2.1213551112357623	1.2045832250775095	0.8944942536090897	1.031059086752997	0.0	3.0427752466123126	0.9279485405859679	0.8240515227183467	0.7785198531165747	8.010116308556501
0.046837620261535214	0.04602097159617584	0.056151133810651364	0.06428900642693745	0.06379344224946772	0.06819534573611374	0.07220897839454302	0.07658588650846433	1.117659110329291	1.1936729799922812	1.2744118463984522	1.1860501693335561	121.56200154175063	0.0	23.83009251158082	1.218609311975256	1.0717868897272758	1.0	1.0807982859928664	0.972112597726216	0.9550993431074469	0.8730771329779529	9.141640089814723	0.07974691806064692	0.08060295561258389	0.08179041787014235	0.0	17.014324296781115	0.9967428632693905	1.0994671179638873	1.0440470051289414	1.2930965587404033	1.4360291669340761	1.1982602257836021	1.4687416859063185	1.1310178754297797	1.1243988388311377	1.8907554819885841	0.12120347081270276	0.12784960716922833	0.987359870680738	1.0773014453739027	1.0538981397204148	2.757274868485058	2.7350665262610265	0.9594881102141538	1.0659798901527286	1.027091756846073	0.8789181969319287	50.834601415614664	0.12666420957392968	1.0503334145030936	1.6680965073949658	1.1097665597501618	1.1353846428624987	0.9978901483799123	1.0866908838162535	1.2679233173064892	1.2689586935582031	0.17930949735168522	0.15641086215567487	98.2186434260284	2.274058845042469	1.2914477419267312	0.9583986688455898	1.104234099045252	0.0	3.258809044041931	0.9938443322100055	0.8825545411776666	0.8337210647061133	8.576242352915799
0.04334929662634931	0.04258770888847276	0.051958931572284005	0.05948032273143319	0.059029600829524444	0.06310352457334083	0.06682338629006954	0.07087078461919093	1.034141646839122	1.1043406312958945	1.178841110887909	1.097740411579286	112.52541472065344	0.0	22.04970986359209	1.1275581310475116	0.9917900274061806	0.9257955663950966	1.0	0.8997304948754881	0.8840355778472119	0.8085994834515063	8.466057923373121	0.07380728087893591	0.07459677364286019	0.0756917783783144	0.0	15.74877198331219	0.9225214268734695	1.017323691097266	0.9661479349854075	1.1962716602288685	1.32815867473058	1.1084846893521902	1.358403831304219	1.0464552971693757	1.0403279889116157	1.7505406102802894	0.1121660317789132	0.11833086243237402	0.9141400224960672	0.9973597173656858	0.975640575040272	2.552109476057245	2.5315696543142305	0.8881074978699872	0.9865034136573745	0.9506220914902287	0.8138448991272459	47.06643945956635	0.11726408637608011	0.9719586045334914	1.5439617894177151	1.0268400590969533	1.0504735844605337	0.9235767846259447	1.0055376911841805	1.1729246048736992	1.1745298268726367	0.16602395417611446	0.14478872906898016	90.88961725952976	2.1037008258401113	1.1945424121835742	0.8870577474029974	1.0224514587261204	0.0	3.0174142632842686	0.9202111976925513	0.8171915072667754	0.7720387113786703	7.943228977839501
0.04818632104174186	0.04734360624291675	0.05776308624026803	0.06613080953975191	0.06562482525687323	0.07015315633713413	0.07428502513928523	0.07878574911357267	1.1497138224415437	1.227856403975284	1.3108102790103704	1.2202123433203744	125.0416061135445	0.0	24.513861051812196	1.2535636814336217	1.102578401368508	1.0289890564467403	1.111823558538647	1.0	0.9826428483372832	0.8984835336565562	9.407517189189004	0.08204294603523764	0.08292232207499814	0.08414266691490231	0.0	17.504411371621206	1.0254510857784103	1.1309877734904137	1.0740308327379116	1.3301082246203222	1.476995761913336	1.2325366553763029	1.5106284240082852	1.1634425723723656	1.1566283001669289	1.9454957797672956	0.1246892267720987	0.13153290451134556	1.015967502021813	1.1084453293977723	1.0843737915904275	2.8367859461988028	2.813947193879078	0.9871672935496743	1.0966488547715274	1.0566712898663118	0.9044219767591598	52.30965836377449	0.13032861507061477	1.0805027411220363	1.7162043321109706	1.1415936320305582	1.167896158515173	1.0266238731618125	1.1178918145962602	1.3041801710250989	1.3055319243638972	0.18450976562518664	0.16092766827840002	101.03818969731125	2.3391119427395735	1.328320937913466	0.9860238152090978	1.1362614940365008	0.0	3.353298653422552	1.0226450542936045	0.9081446945168619	0.8579352115915013	8.826257641842613
0.04904408491409138	0.04818730009758766	0.05879268354393892	0.06731079880915045	0.06679452448667662	0.07140390805295077	0.07560737877139352	0.08018988448627039	1.170210080138194	1.2497709230567464	1.334228442632057	1.2419188942329982	127.27564633974985	0.0	24.94954040230225	1.2759110782354566	1.122229807260253	1.0472795820662186	1.1316536726028767	1.017925240813471	1.0	0.9143774876770229	9.573851875883559	0.08350353521944211	0.08439859084303485	0.08564051350999238	0.0	17.814890574325297	1.043694848238864	1.1511761936059848	1.0931970046381783	1.3538316915001025	1.5034161001249147	1.2545530979594144	1.53765905369378	1.1841865051490323	1.1772317655562963	1.9800133239299285	0.12690938606257038	0.13387286502280765	1.0339371371765533	1.1281359519616878	1.1036005291266744	2.887346098447175	2.8639362537082085	1.0046968849902052	1.1161498153853657	1.0754656329004617	0.9204343595228152	53.236924498872604	0.13264098128689988	1.0997700596597793	1.7466711284707077	1.1619731827982547	1.1887545233794423	1.044904980010347	1.1378148686141458	1.327477658337588	1.328752102426365	0.1877739026747151	0.16378623965941347	102.8319370254757	2.3808783223437047	1.3520587729273756	1.0035522208811731	1.1564057781628265	0.0	3.4127630154729833	1.0407744845120845	0.9242406020993785	0.8731300147916329	8.98209923877468
0.05370139820577631	0.05277492463358812	0.06439660739313083	0.07374356256953628	0.07316291175051583	0.0782100184827183	0.08280290066556856	0.08782767021332623	1.281914470749004	1.3693341655609081	1.46218529606829	1.3598066540503788	139.3114425889341	0.0	27.337496283948486	1.3976300192410478	1.2291952686246181	1.1463995966823717	1.2394916163942702	1.1145454778461186	1.09494688885726	1.0	10.472708374261636	0.09143451966481382	0.09241959961402611	0.09378812792321348	0.0	19.505167200189717	1.142818023820209	1.2610200941858356	1.1973217577373592	1.4833189156064437	1.6479669090217415	1.374711490493948	1.685496527982778	1.297294107896723	1.2897119483079005	2.1668025245135896	0.13898195414276604	0.14658179558796283	1.1314890777556845	1.234738671109814	1.2079884941979349	3.161090265712456	3.135377591158614	1.099973189644793	1.2223036867965027	1.17753097643334	1.0070788514229947	58.245467096663226	0.14517238640232127	1.204506699509264	1.9124427604119834	1.272866093852582	1.302353478842851	1.144145816543378	1.246332606869726	1.4546156482297046	1.4548004004590145	0.20546743993360939	0.17928858844383305	112.63123733450684	2.608841448410315	1.4818136915104403	1.0987946602157321	1.2653178238496146	0.0	3.7343594204750192	1.138858894016528	1.0112915106666114	0.9552525562750785	9.82361923157943
0.005133241736549006	0.005044502801745927	0.0061553028371827394	0.007048338284832748	0.006993132806873977	0.007475692206705069	0.007914642493280322	0.00839484281352038	0.12252429193569599	0.13087694517988946	0.13974645463076546	0.1299793029507646	13.317273520362448	0.0	2.6123162761636682	0.1335963682709508	0.11748644039211814	0.10958831665004705	0.11848106703344395	0.10654157055718615	0.10466736431311262	0.0956121678900692	1.0	0.008740067402146978	0.00883412169078912	0.00896477447344427	0.0	1.8641914243884834	0.10923416758702484	0.12053311124995893	0.11445263935526827	0.14177286329044061	0.1575059918054196	0.1313928879489594	0.1610867634303749	0.12399111808753209	0.12326682170425692	0.20715283760247874	0.01328497588194449	0.014011475054480768	0.10815199730625594	0.11802683488662666	0.11547096242820758	0.3021100002781434	0.29969398377477535	0.10514263034061881	0.1168311904545913	0.11255510497749878	0.09627106684208968	5.5674513243407215	0.013877610701541693	0.11513072155373065	0.18279790918899733	0.12166559354505158	0.12448544827983744	0.1093626146641725	0.11912980745621671	0.13902807826468014	0.13905347739459814	0.019640102087044996	0.017138022743873497	10.765459093435979	0.24934017131268263	0.14161544926750605	0.10503183656241824	0.12095992764575735	0.0	0.3569507031180186	0.10887004701144208	0.09667761587172609	0.09131598337246152	0.9391290041943899
0.5873371365278932	0.5770554368683616	0.7040545866731756	0.8060272245067386	0.7998705848340651	0.8550690660896557	0.905429280932707	0.9602910997811778	14.013379815509706	14.965463241446866	15.976291180762377	14.873056779373103	1524.4001938480928	0.0	298.76427535748184	15.279000581840092	13.438902657366551	12.542449293805195	13.551806383582932	12.190337277446051	11.977304621257291	10.952075217275354	114.6685908351859	1.0	1.0107249285396709	1.0255881314990074	0.0	213.3492323650377	12.49901700079408	13.785262027663567	13.09128361762535	16.21152887315989	18.0014868454066	15.02238555696195	18.411192802403594	14.1804916604464	14.097274458761213	23.713980048688516	1.5198017687309477	1.6032403305410219	12.38327690296399	13.511033316329705	13.217321330675448	34.576909885589565	34.2989624532548	12.032210979272916	13.366473349147148	12.87962562875626	11.02419664879361	637.5970154669271	1.5885787029330536	13.169870970811042	20.918287883221197	13.914425591153778	14.23507868694522	12.51344916955245	13.625383642433563	15.8954491849248	15.912828999582617	2.2489573874537316	1.9615409425079067	1231.5618534583105	28.50947191601573	16.189505086252307	12.018417241125423	13.850112306713322	0.0	40.87418642075886	12.465270375676553	11.069629018883296	10.457643070365386	107.5848153408428
0.5811130826994481	0.5709334119229192	0.6965798129557829	0.797455750940612	0.7913746185351754	0.8459906218506053	0.895821414958063	0.9500981401266501	13.864377192127678	14.80626821128969	15.806025754176597	14.715427127689287	1508.187424674117	0.0	295.5774986187724	15.116715884632272	13.296206462709787	12.409765704502501	13.407944628766245	12.061188978208495	11.850416406315963	10.83663795223734	113.45865759829624	0.9894119498719601	1.0	1.0147074413913888	0.0	211.0840585084784	12.36654660067834	13.63876068435273	12.952422263908325	16.038945002736273	17.80957237496309	14.862531705440821	18.214844693110866	14.029798459318597	13.947315956919978	23.46335333602986	1.5036778749037278	1.586257449399852	12.252212107155454	13.368226903611628	13.077539260539043	34.210244026366496	33.93573984991749	11.904835411674767	13.224607808236499	12.743238986169029	10.907821044257435	630.8537381233484	1.5717853683111922	13.030095126548225	20.69664771600433	13.766583412998395	14.083746064317756	12.380830506129133	13.480714034549948	15.726296909320329	15.744183170971663	2.225178199241008	1.9407856990369434	1218.3375488000418	28.205847344976696	16.016944540153613	11.891114047811376	13.703963467204684	0.0	40.442507431067824	12.333755074045529	10.952747246179763	10.347354766291438	106.45313608410451
0.5727039662390215	0.5626597122043487	0.6864788914357695	0.7858734826425628	0.7798974905897459	0.8337217651633007	0.8828407330426803	0.9363275061388899	13.663142046682076	14.591051585669657	15.575902809441251	14.502413539104879	1486.4683685788566	0.0	291.28578614921474	14.897398523752383	13.10347970989291	12.230517714960142	13.213584655019432	11.886794201045099	11.679047975622668	10.68090451257827	111.8262455603545	0.9750951079788879	0.9855318572517751	1.0	0.0	208.0277934682822	12.187557236297788	13.440899970075229	12.76472448893027	15.805835538461508	17.549784752389012	14.646397405410848	17.949307190702175	13.826084870739432	13.744829737419112	23.125180382546674	1.4818936378120267	1.563308263772011	12.075522983617002	13.17534314415451	12.888709842493427	33.71504175689925	33.44505590278893	11.73265632051885	13.033074021791773	12.558871841364516	10.75072706728043	621.7409583533941	1.5490991474634899	12.84123111155973	20.39727541434033	13.566815490178882	13.879207634011614	12.201650464083423	13.285141173860282	15.49753107559064	15.516397831326135	2.1930912888560954	1.9127522614365364	1200.6581057996832	27.795766937473164	15.783685134842782	11.719087765705806	13.506601851393546	0.0	39.859567849705144	12.156018756445558	10.794948306851587	10.19840125850334	104.92252085267307
0.0	0.0	0.0	0.0	0.0	0.0	0.0	0.0	0.0	0.0	0.0	0.0	0.0	0.0	0.0	0.0	0.0	0.0	0.0	0.0	0.0	0.0	0.0	0.0	0.0	0.0	0.0	0.0	0.0	0.0	0.0	0.0	0.0	0.0	0.0	0.0	0.0	0.0	0.0	0.0	0.0	0.0	0.0	0.0	0.0	0.0	0.0	0.0	0.0	0.0	0.0	0.0	0.0	0.0	0.0	0.0	0.0	0.0	0.0	0.0	0.0	0.0	0.0	0.0	0.0	0.0	0.0	0.0	0.0	0.0	0.0	0.0
0.0027593532181586023	0.0027110633626167826	0.003307721033977121	0.0037866045094870726	0.0037577729574147286	0.004017148340198666	0.0042535724984030686	0.004511335519435699	0.06583109168479372	0.07030366317817699	0.07505316783951552	0.06987354602019878	7.159282223636119	0.0	1.403107995500109	0.07178334286206364	0.06313730022425859	0.05892746183548639	0.06367616171699313	0.05727365922119631	0.05626938120500232	0.05144846222698179	0.538590247970173	0.004698129358232592	0.004748377583359276	0.0048181615040606765	0.0	1.0	0.05871488693425055	0.06475623324770459	0.061514067735441845	0.07615041432921138	0.08457630431252502	0.0705783606119828	0.08649352446572721	0.06662188156330588	0.06622299661891287	0.11140120292923661	0.007140091308260542	0.007532332292931132	0.05815817746479612	0.06346847190374809	0.06209092091693257	0.16239951978133713	0.16113241165186432	0.056527800173457154	0.06278810270806716	0.06050700470217406	0.051789229325908584	2.9954842785067495	0.00746281880688171	0.06186605608992123	0.09827062360508258	0.06537149826111556	0.06687833961107699	0.05878949064447305	0.06401449002080452	0.07467624536104811	0.07474935160525269	0.010562913576806453	0.009214873420274624	5.7807914115336505	0.13394485502679868	0.07605305605893976	0.056463465769828164	0.06506958733328111	0.0	0.19200722794204522	0.05856105824851229	0.05200356407609337	0.04912649789589987	0.505395545539394
0.04699653888214682	0.046173941565043945	0.056335809967640454	0.0644949845735746	0.06400212063674839	0.06841963394441403	0.07244831879001308	0.07683829120621487	1.1212848932171795	1.1974635633707285	1.278351312086559	1.190068511801027	121.97028898151943	0.0	23.902542187998414	1.2225685954277417	1.0753240915687903	1.0035894994449435	1.0843732535810393	0.9754249579841394	0.9583679326067094	0.876331761455703	9.174722668559571	0.08001665707017994	0.08087396515707064	0.08206295437450266	0.0	17.069430519929075	1.0	1.1030213570443	1.0475091982057225	1.2971724219746732	1.4404096048343635	1.202041916940197	1.473184194784668	1.134661822345092	1.127994308862597	1.8975036639600757	0.1216087663974635	0.12828426318257766	0.9908127568350128	1.0810840995843787	1.057552487407186	2.7666585082240744	2.744393638453438	0.9627520208241235	1.0695163676471018	1.0305773889336463	0.8820965866003793	51.01342883901822	0.12711061337179488	1.053799603256316	1.673790209758219	1.1133729489320434	1.1390323964584672	1.0012661994751317	1.0902511643444006	1.2718922851033971	1.2732458192408633	0.1799457127536382	0.156953161010321	98.52574474149264	2.2812543146810844	1.295418643796183	0.9616591099157467	1.108229311835696	0.0	3.270523589212505	0.9974157289935246	0.8857429119211104	0.8367632920103898	8.60827601547585
0.04261977990992967	0.041869728579892546	0.05108221722759515	0.058473922450443985	0.05803313006369438	0.062038685359926155	0.0656961458453441	0.06967475038113133	1.0166653201962519	1.0856298689498125	1.1588424475129573	1.0792518876028194	110.61499879225684	0.0	21.672839389144258	1.1085234291415105	0.9750543742249488	0.910254092664213	0.9832614301653189	0.884594351158712	0.869176221075152	0.7951002041455844	8.32437723703796	0.07256496551705886	0.07334029936378651	0.07441600734240636	0.0	15.479622175655614	0.9069675015798733	1.0	0.949866109290502	1.1760292616265648	1.3056356733190218	1.0897368700505907	1.3353270845863645	1.028782791186604	1.0227128133594166	1.721180806401762	0.11027558050343145	0.11634092513393281	0.8987731964334675	0.9806057582829953	0.9592766474238136	2.5090586873778937	2.48908964533814	0.8731624297085244	0.9698687508291844	0.9346309041298368	0.8002194216514742	46.28029082149073	0.11529689216649949	0.9555412103912564	1.517975544706473	1.0094882907989078	1.0327067585222578	0.9080372346810109	0.9885610751721298	1.1530345854448723	1.1547263446539566	0.16323668158874963	0.14235598995287227	89.3402903650988	2.068096508897691	1.1742799320086856	0.8721349481026175	1.0053474797484248	0.0	2.966835706297145	0.904822020880731	0.8035077410301097	0.7591298966341408	7.810729807491442
0.04487395965896223	0.0440860675471031	0.05378711471875416	0.061574220827255825	0.06110726620179765	0.06532373998363124	0.06917440298091965	0.07336476667205613	1.0705546716395484	1.143223557809632	1.22038478205243	1.1363530160464754	116.47294395708397	0.0	22.82292321107287	1.1672275833996468	1.026702758244695	0.958334974081023	1.0353092586539696	0.9313648167289936	0.9151268346144299	0.8370042392369005	8.763659705347573	0.07640307457272752	0.07722100168932425	0.07835487086639742	0.0	16.30316039621151	0.9549528596604626	1.0531225871498053	1.0	1.2384335411791378	1.3749547896153316	1.1475114780244653	1.406268450132338	1.0832887165936638	1.0769380992550157	1.8120881428380367	0.11611247536373592	0.12249264112429435	0.9462966333516863	1.0324416943643737	1.0099582859717364	2.6419180452185023	2.620785529429139	0.9193349089854925	1.0212341882336016	0.9840594949537267	0.8424538705428409	48.7237762264197	0.12138561687405454	1.0061733424170107	1.5982636850229401	1.0629815048252307	1.0874484687615606	0.956061579716311	1.0409283528579085	1.21422250712514	1.215850008808189	0.17186197623320784	0.1498807980688543	94.10448680587776	2.177834123585382	1.2366484335442804	0.9182496728674934	1.0583615935835637	0.0	3.12347156552597	0.9525411666974487	0.8458917646539872	0.7991714219887897	8.222390732172693
0.03625328272158216	0.03561315049318654	0.0434479571919815	0.04973111809651943	0.049359347288055466	0.052766440212953104	0.05587912534850538	0.059262514729408175	0.8647006686058983	0.9232965135158362	0.9854899115497601	0.918031166923561	94.10865286540695	0.0	18.43535204047312	0.9428330500122201	0.8293415611058925	0.7743496101813586	0.8363067025490991	0.7524865612758537	0.7393606126934803	0.6764882396157519	7.0821356176518355	0.06172509055139484	0.06238344488140585	0.06329674713418558	0.0	13.166735372987194	0.771491443084785	0.8506368897627801	0.8079462518597494	1.0	1.1101935365218607	0.9267368281200636	1.13544886915547	0.8749588960776128	0.8698221170637621	1.464295791730646	0.09379844137092039	0.09896327935530405	0.7645931084653503	0.8342265608887416	0.8160474312687745	2.1341392044015337	2.117275974635872	0.7427627233125049	0.8249335643331572	0.7950254218948846	0.6808178510891374	39.369423431226146	0.09808406829439592	0.8127602600556949	1.2912376974650936	0.8585847390394798	0.8783161813391079	0.7723939594921182	0.8408050094595038	0.9805854798478203	0.9822503407038219	0.1388691304498529	0.12109903565670896	75.97611187908655	1.7587886831468238	0.998550754718267	0.7418826816268698	0.8553217956711726	0.0	2.5240175059092262	0.7697888722877859	0.6836007587533753	0.6458662858998071	6.645580572001551
0.032679733591470084	0.03209919278369642	0.039159226244118814	0.04481695602679119	0.044487042266866166	0.04755744412933709	0.05036693844978126	0.05341495770464249	0.7793279394630565	0.832002719291758	0.887986686680387	0.8275631742379352	84.85903067577127	0.0	16.615805281513836	0.8497599991338308	0.7475067399630732	0.6980999605017997	0.753761758066345	0.6783260851372672	0.6665276880605271	0.6101341169251303	6.387296951233084	0.05564088684156402	0.05623347738964272	0.05705373171998259	0.0	11.871367730601898	0.6954511233746845	0.766649088263863	0.7281931354785678	0.9012549787230375	1.0	0.8350739566860484	1.0228922345235394	0.7885194571757225	0.7838875119388675	1.3203433503213322	0.08454638482556269	0.08921058852488778	0.6894718051837311	0.7521871071012772	0.7357784676353215	1.9239880530944253	1.9087366141599773	0.6695958319416708	0.7436036531903887	0.7167009192133925	0.6139361394023705	35.501703125315935	0.08843556179944631	0.7325705607504014	1.1640190961098553	0.7738067644855924	0.791512234702944	0.6962586507394825	0.7578001830568825	0.8835853438826112	0.8854738778577895	0.1252282824531532	0.10918024847202797	68.48115341071556	1.584793629622026	0.899682647442433	0.6687792977230265	0.7712699517648347	0.0	2.27602114906268	0.6941271809280383	0.6164230894714018	0.5824369842831159	5.993753885079331
0.039126277381845424	0.03843462324882867	0.04688956837357862	0.05366983668494051	0.053269504721205674	0.056946315950162	0.06030705609709717	0.06395799339933787	0.9331929584625956	0.9964153983056958	1.063523204218052	0.9908122112699762	101.56849189338227	0.0	19.893333525371936	1.0175005056144406	0.8950435949566888	0.8357264348691086	0.9025518683839968	0.8121166765011254	0.7979712709407552	0.7302047456313755	7.644516844828748	0.06661673010475846	0.06732758301344995	0.06831269775125098	0.0	14.212929834718352	0.8326444826726769	0.9180245982269621	0.8719131479732233	1.079352118264483	1.198070907394835	1.0	1.2253016613455787	0.9442552618380956	0.9387144793842617	1.5804755395867602	0.10123151076474354	0.10680573021949592	0.8253055373320555	0.9004034012519421	0.8807810029823548	2.303567196169316	2.285159325042315	0.8016401108388024	0.8903304578994174	0.8580530799972408	0.7348441904818883	42.497902639476685	0.10586362864177663	0.8771571000839227	1.393614165940372	0.9265926148346831	0.9478740042256478	0.8335998593376185	0.9074182535846959	1.0582402044298889	1.0601525475002502	0.1498964382543626	0.1307030409669151	82.02796626568107	1.8980252285474746	1.0776107111673658	0.80067987362546	0.9231801912532441	0.0	2.7243409387628787	0.8308452390637215	0.737834428156443	0.6971185046881616	7.173221797920148
0.03195494043121966	0.0313871721700879	0.03829055900453602	0.0438223402181428	0.04349994524930918	0.04650240982137322	0.049249352010299056	0.052229918353734126	0.7620289227552892	0.8135572008934545	0.8682854768796328	0.8092100727407171	82.97407583751016	0.0	16.245934750348383	0.8308961672445505	0.7309221017140713	0.6826253012489618	0.7370481189200055	0.6632849549592017	0.6517517483881173	0.5966067714181951	6.245477614200284	0.05440649155127237	0.0549857358768083	0.05578829478444985	0.0	11.60700876843528	0.6800199523997594	0.7496275421608294	0.7120477991321128	0.8812514797402529	0.9779408522832738	0.8165225355576214	1.0	0.7710254535771035	0.7664834421125353	1.291004658961097	0.08267132456410105	0.08723230608287108	0.674164986759374	0.7354926046653242	0.7194692866766162	1.881130758701886	1.8664411486095096	0.6547351776636897	0.7270941361303372	0.7008107163552317	0.6003271328091493	34.71263409500246	0.08647369393408229	0.7163136770665661	1.1382079744923395	0.7566291388350006	0.7739750330685412	0.6808238407173208	0.7409828606143409	0.8639784049543136	0.8658396954680874	0.12244714222871994	0.10675852063023278	66.97275601704611	1.5496139156318443	0.8797164806936436	0.6539523558201926	0.7541695310472097	0.0	2.225442457510054	0.6787457264921425	0.6027549089325054	0.5695145234866746	5.860755151841137
0.041435960381829014	0.04070563579108066	0.04966186248053856	0.05684629524366684	0.056419048928383446	0.060313333890755425	0.06386973648255494	0.06773779469265899	0.9884008404148473	1.0554098729919847	1.126550682684721	1.049277924458771	107.52965881363359	0.0	21.0714717622812	1.0777071580478907	0.9479545725159431	0.8849880745115885	0.9559119415181089	0.8600404801691652	0.845033147988902	0.7730848678029468	8.093227138489324	0.07054898432603943	0.07130280450421571	0.0723476842872091	0.0	15.051637459513579	0.8817829118936297	0.9723239293756645	0.9234539915698622	1.14327024409347	1.2691847049586422	1.0593608737504472	1.2980714352946972	1.0	0.9942528860914618	1.6734836408803617	0.10721088619217342	0.11311000562758607	0.8738687946910365	0.9534273594371055	0.9326508513544165	2.439433927516305	2.419930094762941	0.8489213500807956	0.9429027180515549	0.9086784336458515	0.7780599839192925	44.991202828267944	0.11209814512496455	0.9289964759652134	1.4757942656297356	0.981409969562522	1.0039664241178898	0.8827962748122542	0.9610515773403862	1.120920297302647	1.1226501052482256	0.1587125121712269	0.1384058336169024	86.84826571170201	2.0104854146805584	1.141535507487724	0.8479197827902049	0.9774725839009505	0.0	2.884603120951721	0.8797221501431929	0.7812437577180682	0.7381000670352744	7.594181436854795
0.04168270187624782	0.04094766839870892	0.04995678213867653	0.05718377766536361	0.05675415687355596	0.06067174502855371	0.0642492166640534	0.06814003230457774	0.994249161170345	1.0616570953128337	1.133210515778151	1.0555257430641845	108.17333693101246	0.0	21.194341825326912	1.084081712374347	0.9535726751699026	0.8902698872126221	0.9616169264904271	0.8651704180760819	0.8500592504700701	0.7777021667226527	8.141643298535026	0.07096900832325041	0.07172658202542515	0.07277783726260789	0.0	15.139415762323335	0.8870255238122295	0.9780825381419801	0.928957042432483	1.1500753849434282	1.2767352499597002	1.065669788183239	1.305769508647653	1.0060776938525746	1.0	1.6834647216249883	0.107849044380064	0.11378419380652609	0.8790394038235078	0.9590833338463407	0.9382014820727456	2.4538791846769903	2.4342804453894686	0.8539634136987752	0.9484980524495265	0.9140794559011847	0.7827077169682904	45.258817190182064	0.11276719451833922	0.9345054536621795	1.4846059351565595	0.9872464612592112	1.0099201420528443	0.8880564308554199	0.9667744153254263	1.1275670910401903	1.1293328970324	0.15965449144823426	0.13922986687078154	87.35296324768184	2.0223929716313913	1.1482914154783408	0.8529607173436836	0.9833301244897998	0.0	2.9018129650781703	0.8849749407471774	0.7859134626897131	0.7425143195744014	7.639930476601222
0.024781772310889804	0.024351254797750792	0.02971230110198404	0.034020660391875415	0.03375658055959616	0.03608566693187483	0.03820771200116166	0.040524446984776835	0.5914273152197458	0.631702770846474	0.6744423948125446	0.6275273648474167	64.32013254447828	0.0	12.610371945961232	0.6448346917031691	0.5671465942607865	0.5291158803706728	0.5718970066120399	0.5143418795863144	0.5053232450399405	0.4617970142185283	4.835796136826249	0.04219410704955888	0.04264746920342776	0.04327716592513207	0.0	9.00121950766831	0.527382150908071	0.581784832179069	0.5524562271121494	0.684289256591813	0.7600635578986455	0.6341496533640492	0.7773338363022081	0.5985062950983744	0.5950027720460492	1.0	0.06413168752443263	0.06764492912862317	0.5223073464984712	0.5699192107599135	0.5575498747963904	1.4587143275388639	1.4470255768216032	0.5076382484857167	0.5640222102998599	0.5434190206020818	0.4649204942278533	26.891501055079857	0.0670090456821851	0.5557629825636086	0.8825678932545598	0.5872464763835342	0.6008316059519809	0.5279901044986078	0.5750275385524246	0.6709914562725345	0.6713589332594375	0.0948533016468956	0.08274905530283462	51.975134897782866	1.2034608855550915	0.6834880300399871	0.5070815092474804	0.5841330975856802	0.0	1.7239030161560787	0.5257401930806556	0.46686012163310814	0.4410149074297217	4.536198891506946
0.3864727101501567	0.3796950740070952	0.4632511791516001	0.5303247569665286	0.5262920748404066	0.5626142821646074	0.5957615960098636	0.631855549621294	9.220257589493947	9.846362628404762	10.510999103807455	9.786575392781355	1003.1062642517294	0.0	196.57279116518967	10.053163031249877	8.842538429892866	8.253398545597593	8.916794129596623	8.021448429843751	7.881291819618904	7.207659757497424	75.46412621843885	0.6580158484917108	0.6650587849190679	0.674826977924306	0.0	140.3844137072393	8.224506957009856	9.070199206447969	8.613897748498324	10.666135596449559	11.842902110409604	9.883720550518309	12.11253319558265	9.330154854050859	9.275386504156943	15.605387626432046	1.0	1.0549530509526743	8.148881940766698	8.891010161114108	8.697655495805455	22.751914803193028	22.569337679070745	7.917478250669141	8.79502339376391	8.47503706587199	7.254778108715516	419.58101024605844	1.0453652342657007	8.665573388144693	13.764554984618	9.155204967807062	9.365981660695983	8.233999816747515	8.965054439764105	10.45805338839103	10.470835555522557	1.479945825032089	1.2907669914569937	810.2235347699849	18.757204009802226	10.651154835783721	7.908317791042178	9.114523051746357	0.0	26.898159858557737	8.203189082857955	7.284644438715829	6.88209404786202	70.80346953260066
0.36635626151630085	0.35994915076928974	0.4391681838754132	0.5027854847323524	0.4989368931602295	0.5333672342540715	0.5647767804555571	0.5990021711916524	8.741200623506176	9.335245103665077	9.96588008958873	9.277190573722095	950.8664977850864	0.0	186.3600983010421	9.530579924237976	8.382793128767645	7.823307394003297	8.453149242036867	7.603811277276367	7.470838127564661	6.831070744244909	71.52136996155055	0.623765159878693	0.630451943984989	0.6397247307945864	0.0	133.0812823748847	7.79635035572481	8.5989029130333	8.165897173754937	10.112511964634548	11.229327084103216	9.37071734019471	11.485015671495317	8.845536398068546	8.793687829552482	14.791439073518047	0.9479953938378121	1.0	7.72400867873219	8.427511119548074	8.244275041073617	21.568288856131847	21.394021810871553	7.5051660325727845	8.337585587365886	8.033824491758498	6.876078012652501	397.7152081109778	0.9908639990016963	8.215009717891268	13.04787234952579	8.679493259238088	8.879532030790289	7.8053677963110735	8.499192885351574	9.915410148469736	9.925740510774654	1.4027654703985988	1.2235089165730282	768.244539788589	17.783957645467034	10.098943398504202	7.496529889160998	8.638848525364363	0.0	25.49500726399018	7.77504802054232	6.904521982758423	6.522746914884898	67.10330775169778
0.047457793857994944	0.04663312293653091	0.056899533341632315	0.06514843307460036	0.06464287893064179	0.06910462849626593	0.07316630363091856	0.07760311111666636	1.132561230432412	1.2096795562729865	1.291508468235534	1.2017205407667655	123.15307053657857	0.0	24.142838391927235	1.2348667229645538	1.0860794283468014	1.0132942656821362	1.0952225268840647	0.9850203416708552	0.9676987931994679	0.8843544767903316	9.258815927094965	0.08080293353425026	0.08166989616781754	0.0828750134191873	0.0	17.23325236511705	1.0098995225576004	1.114113982145044	1.0580086219411338	1.310342157137976	1.4555403488695093	1.2144024270953793	1.4886392453447046	1.1461408182922406	1.1393739412323227	1.915448282991592	0.12281185554049065	0.12954235696459415	1.0	1.091379224263097	1.0676416232425068	2.79323118518889	2.77094755940127	0.9721082642115579	1.0800471384158958	1.0406214600049581	0.890331915903328	51.483778306062206	0.12832329079798627	1.0642548789812498	1.690097180657357	1.1246001878657643	1.1505952917616329	1.0110933368435346	1.1011806467788043	1.2849159899883198	1.285612903581755	0.18162156084323494	0.1584623036815808	99.47569678182717	2.3045774053493475	1.3088321232645177	0.971053224630106	1.1186460646392946	0.0	3.301165480244098	1.0068106205882879	0.8940558304530237	0.8445559384184531	8.686850492010254
0.0434870006396782	0.04273044431136919	0.05213698506969639	0.059695263304594286	0.05923296715101274	0.06332057571700618	0.06704480560977102	0.07110927137169706	1.0377620336899698	1.1084084747240617	1.1833958020998268	1.1011975022018246	112.87358693520484	0.0	22.125875898201826	1.1315092343574127	0.9951691489035658	0.9285265933512458	1.0035500674310398	0.9025620155795651	0.8867563406009744	0.8104916420058242	8.485901711704482	0.07404182545915852	0.07483730462500954	0.0759410600593677	0.0	15.794649599069645	0.9254294871974211	1.0208719843881056	0.9694501922200025	1.2007031386447784	1.3336216589507448	1.1127132173684184	1.3639572684117098	1.0502122358981774	1.044027056805261	1.755312903469958	0.11253574168170417	0.11870401730172303	0.9165836238626422	1.0	0.9783783024578689	2.5599163495889212	2.539207114818061	0.8908078284039442	0.9897216686918837	0.9535696976811907	0.8159327556336187	47.19013904651563	0.11759410033240392	0.9752185437004262	1.548747358566856	1.0304558782502802	1.0542444001202018	0.9264969566640071	1.0090175522145413	1.177365421355619	1.1781218620764886	0.16645405174749353	0.14521201916641027	91.17591328710844	2.1115961033541932	1.1992641886918545	0.8898231901024535	1.025154585682344	0.0	3.02528567999406	0.9226470585149483	0.8193293675911791	0.7739782837738903	7.961359790589838
0.044454440829600705	0.04368034348758798	0.053295728724629496	0.06102110706176996	0.06054869731251546	0.06472793641189785	0.06853484265091607	0.07268927475294	1.0608098841862894	1.1330142223516118	1.2096295691999572	1.1256737440858853	115.38323796530437	0.0	22.615225142135767	1.1566314311139978	1.0172934130791322	0.9491958737182972	1.0258338710075323	0.9226605355700951	0.9064731317259832	0.8285822453282967	8.67541218604814	0.07568889614629064	0.0765016208602231	0.07762905790782136	0.0	16.146568781959846	0.9459886772408859	1.0435676008256738	0.9909763210841234	1.2273457453275767	1.363178834890352	1.1374014557041692	1.3942299585861548	1.0735155588239558	1.0672142320399984	1.794423889038789	0.11503807973423738	0.12134409407106142	0.9369626513227137	1.0223675180036034	1.0	2.6167580279518807	2.5956872278535137	0.9106220879703129	1.0117167241101177	0.9747854619801295	0.8341158767402888	48.23580375386848	0.12021318148878381	0.9968901625220437	1.583146828142578	1.053364640096305	1.0776734175488927	0.9470983892779261	1.0314192376867908	1.2034922690011378	1.2043168994716735	0.1701604637701096	0.14844278907212707	93.19145700026392	2.158515606606785	1.2258432403905806	0.9096114600376598	1.0480116270933613	0.0	3.09271473381396	0.9432127482928152	0.8375882257065661	0.7912318786828615	8.139285783029072
0.017025668922633515	0.01672780399945493	0.020409471587930706	0.023365505707259433	0.023186987104488698	0.024786940574888085	0.026246340359186736	0.027836874127546173	0.4062119921682961	0.4338348854723615	0.4631367236790508	0.43114067292843217	44.178843820276505	0.0	8.659985653802131	0.442924145134482	0.38958626405206237	0.3635670189351764	0.3928547476524329	0.3533761027772901	0.34720737070415286	0.31743639394648	3.3230108184488274	0.028988242172259794	0.029298660575567122	0.029729345630510867	0.0	6.182852470974613	0.36231518831922305	0.3996077643031434	0.37951268790948983	0.46991466485544786	0.5218562666576105	0.4355045710918043	0.5336834056550767	0.4110785142074972	0.40865411617575426	0.6873184448828207	0.044055897723197374	0.046475976006838886	0.35888302844509146	0.3916275623760088	0.3830998028893873	1.0	0.9941196695302049	0.3487773015788277	0.3874429641065989	0.3733486944310061	0.31953770556309974	18.483480625482542	0.04604638401262636	0.3817671872589735	0.6063794656104773	0.4033823275440661	0.41268506290439266	0.36271939995956454	0.39497299109687045	0.4608058196354368	0.4612386000150919	0.06517892755485334	0.05685787470906252	35.69575589712122	0.8265157721527439	0.4693208632646343	0.34838026431186536	0.4014436929007768	0.0	1.184558359083826	0.3613245378612768	0.3208457058761771	0.3031071550638039	3.118476578276765
0.01713051835299262	0.016831308515396715	0.020535966934905576	0.02351141357087551	0.02333070776480477	0.024941016318781793	0.02640874073087958	0.02800924835286134	0.4087405801123463	0.43653012582544604	0.4660377748583876	0.43378441270490575	44.45589364760075	0.0	8.714308946355729	0.4456788930620713	0.3919804794422418	0.36579948448364447	0.39527087600304506	0.35554700541626044	0.34932073438033073	0.3193607476429315	3.343598493301315	0.029166716736229465	0.029479475685456124	0.02991331493380068	0.0	6.222293195458561	0.3645426106123287	0.4021007673659542	0.3818642460243805	0.47287511865287185	0.5251302847868716	0.4382065346988225	0.5370954210624891	0.41362779604185973	0.4111905710750116	0.6915692071088609	0.04432777303668855	0.04676022965273863	0.3611130273702636	0.39401840771789814	0.38545212950022006	1.0083425486228523	1.0	0.35092288793477144	0.38985719447500305	0.3756358563481679	0.3214829100257704	18.590957161922006	0.04632902447168979	0.3841342904380857	0.6100893033572959	0.40587045990266246	0.4152344371342149	0.3649700369433649	0.3974291996629432	0.4636697109940382	0.46409593460597426	0.06558137718361672	0.05720699693906553	35.90588967443102	0.8316464489622107	0.4722586317933082	0.3505285912328563	0.4039111281156956	0.0	1.1919569018448133	0.36352537175035143	0.322811392282693	0.3049606784559976	3.1371694239780155
0.04881958469058475	0.047966561643665015	0.05852402727818098	0.06700273423419363	0.06648845196712419	0.07107729009209719	0.07526130568568165	0.07982218883268238	1.1648452513509835	1.2440484722805893	1.3281179333414956	1.2362331570097924	126.70403095668526	0.0	24.833821323186548	1.2700708674717254	1.117093120257875	1.042489710961099	1.1264895168469373	1.0132786187968659	0.9955272934506098	0.9101875111306911	9.529521623759281	0.08312071243326574	0.08401230835397001	0.08524837053928506	0.0	17.733322779891772	1.0388996967464317	1.1458996251623916	1.0882004673532226	1.3476455092399013	1.4965502653986744	1.2488170414224238	1.5305959801345386	1.1787768122624522	1.1718423326367404	1.970926927072968	0.12632846883536458	0.13326054836702336	1.0291685652217895	1.1229468890688443	1.098532787627167	2.873926212066963	2.850814550329497	1.0	1.111031510205861	1.0705275087059525	0.9162126099981205	52.98728580955439	0.13203284865721107	1.0947248303667882	1.738713683559028	1.1566383353238978	1.1833109679599991	1.0401157658092421	1.132602417992484	1.3213907990320415	1.3226309945780854	0.18690809887056412	0.16303405804119034	102.34924261487546	2.3699775034997	1.345866927893965	0.9989462554465082	1.151104715629819	0.0	3.397101730263155	1.0360080547780204	0.9199850743552962	0.8691251382659062	8.94067588742743
0.043948293944102684	0.0431776793907054	0.05267941815563931	0.06030636157361557	0.05984761996314921	0.06397864459537721	0.06774683735795595	0.07185183235412196	1.0484828871544996	1.11969146845192	1.1952546983680536	1.1129003496376322	114.05317183922459	0.0	22.351872575488514	1.1432131511359118	1.0055454617278456	0.9385499255050322	1.0139970967245815	0.9121835384985328	0.8962244691150306	0.8196064635379603	8.580830019163566	0.07482676582757894	0.07562733614915979	0.07673845768685329	0.0	15.961858847717652	0.9352400560057187	1.0314333045923365	0.9795728482778557	1.2128893504263947	1.3467777991595475	1.1239498980733011	1.3774038083425337	1.0609811060530194	1.0547335209486122	1.7745497235766685	0.11371762876456575	0.11996591252065555	0.9265978455344754	1.011031433316102	0.9890323321081813	2.5870928859501174	2.5664891372621743	0.9003322139400074	1.0	0.9637394394412262	0.8249764113104485	47.7055379860785	0.11887342119867499	0.9854002157054467	1.5652256280949728	1.0411028355659828	1.0650751593905832	0.9363261673554915	1.0194777051976782	1.1892394804368214	1.1906620377670387	0.1682827357892685	0.14677937402856692	92.11405014218838	2.133017380843598	1.2111924399951854	0.8993031015447318	1.0364589949174596	0.0	3.0586920901657346	0.9328320822476104	0.8283763569478925	0.7825948204747788	8.051154313904107
0.0456090929917017	0.04481166716039581	0.0546742561001137	0.06259415278959497	0.06211480385467155	0.06640120601976739	0.0703110300253071	0.07457200555486329	1.0882145885540586	1.1621881668506608	1.2406906599058942	1.154929592607485	118.36709139433667	0.0	23.19978404182545	1.18651131899365	1.0435947589643686	0.9739630400058327	1.0523763602634377	0.9466280893623801	0.9300696265045293	0.8503965086838319	8.903483060623989	0.07765478325162037	0.07848750997720583	0.0796418908560295	0.0	16.56666283010348	0.9706015400369759	1.0705158586257189	1.0166175992945412	1.2589482669506857	1.398030392532266	1.1666340984267494	1.429868042304974	1.1012234150301108	1.0947492622245696	1.8414160150199048	0.11802042547436113	0.12449871499672115	0.9615358928851122	1.0491282855165187	1.0263254187213493	2.6849982659027516	2.663331014155568	0.9343273010109256	1.0379688207151159	1.0	0.8560056839771781	49.506084990999554	0.12335520033504466	1.022714963355786	1.6243699043608288	1.080553935545256	1.1054731877878914	0.9717088289218585	1.058094980629025	1.2344084475751709	1.2356725920289666	0.1746252187618315	0.15231606028439754	95.6211256027865	2.2140016764562063	1.2572781228747922	0.9332672742322979	1.0754620198870066	0.0	3.173882530093235	0.9679292257511638	0.8595469811913266	0.8120280734905294	8.35366010177623
0.05331669894508204	0.05239315462726136	0.06392877268253068	0.07320288049047821	0.07263072925721578	0.07764188534073137	0.08220513756832958	0.087191347346987	1.2725576044701306	1.359261138848268	1.451319048324222	1.3500765408862865	138.34617989487586	0.0	27.133718781194236	1.3874784290270117	1.2202569929307117	1.1382978137636404	1.23049221077943	1.1065833590883862	1.0871401000112686	0.9933141316610933	10.400708043082306	0.09077908958684694	0.09175564118219343	0.09311141737429131	0.0	19.36610891049723	1.1346203125874772	1.2518041270374538	1.1886550816606598	1.4724270127295784	1.6356044827125436	1.3645541255174745	1.672860411663754	1.2878114832966887	1.2802828114621188	2.1516440089730695	0.13797923870102846	0.14553154313083475	1.123567253875834	1.2260405829036478	1.199435365468886	3.1385188992311033	3.1130772468171384	1.0921229369334988	1.2135032732917799	1.1690991408702054	1.0	57.84818852841651	0.14415217771222566	1.195771420987436	1.8987313058288453	1.2635909197374044	1.2927984316351693	1.135953404965128	1.23723677400675	1.4438596276002813	1.444380928440102	0.20403809796992128	0.17801938378687238	111.81324846111558	2.589573189583115	1.4707919065470167	1.09091665342855	1.2565508204733145	0.0	3.7084128424861187	1.130949735650459	1.0042646058945632	0.9486566995467793	9.7569978540274
0.0009267061982524738	0.0009106199076258886	0.0011111268761300058	0.0012722175089777826	0.001262323898616311	0.001349469928705344	0.0014287187691698312	0.0015153928158836572	0.02211610986674821	0.02362241868499345	0.025220332156145706	0.02346373728414625	2.406854555115703	0.0	0.47160214847533255	0.024115270386197846	0.021208784677653365	0.01978528004663295	0.021385676691967927	0.019234196251581872	0.0188966008423533	0.01726467019050971	0.18075834433752946	0.001577834345550707	0.0015947769075668969	0.001618270475565607	0.0	0.33662269157750446	0.01971934637773618	0.021757134739443188	0.020659852561047947	0.025588139340189824	0.02842376738924725	0.023716116915373543	0.02906959054415782	0.022379272152579524	0.022247581662453827	0.03740081986166775	0.0023981843096909667	0.0025296767125668968	0.019525270321675836	0.02130973485936272	0.02084481718711173	0.054559802317592894	0.05410173966036581	0.01898111645611204	0.021088442708880373	0.020319408660217638	0.017384527308941355	1.0	0.0025054733392907364	0.02078244750535636	0.03300030716029207	0.021960941247399366	0.02246855063565765	0.019742994189225753	0.02150334004417789	0.0250886225245503	0.025104121999464938	0.0035458612083566292	0.0030941847159479795	1.9416082604204246	0.045001853851904125	0.025558809708523863	0.018960783480180883	0.02184228327009797	0.0	0.0644499234656245	0.019656755810384664	0.017456213788053326	0.01648931266811457	0.16955610163989368
0.36981307339389463	0.36337992827410104	0.4433724098997791	0.5076476429079345	0.5037202792332205	0.5384759041638674	0.5701496667965713	0.6047192699358518	8.825312267666185	9.425941364254532	10.063701842420086	9.364531015783063	959.7413452229547	0.0	188.1648039684814	9.622357807362377	8.463080851131348	7.89616268636069	8.534082673524294	7.67551797502711	7.540942983762445	6.8922728250850955	72.16673582198047	0.6296547205834278	0.6364184845425906	0.6458014580225017	0.0	134.32659425659728	7.869928297392681	8.681592620318503	8.243888611476685	10.210686870161718	11.340604713265531	9.462301210342174	11.598716274546124	8.93084760977277	8.878577133856103	14.927255470107935	0.9570011084143429	1.0094509692139888	7.794841244740898	8.50532040552908	8.320649322243474	21.769717063405864	21.594353444682834	7.575511328849386	8.416637021370171	8.109357687498232	6.9386650665028	401.2994564903439	1.0	8.293375946958506	13.170387972744555	8.763095191914609	8.965443734046653	7.879110981500548	8.580680535671513	10.012113860406885	10.018930045457477	1.4155521826127473	1.2348980246795673	775.4956297802927	17.95721832678796	10.198270902978452	7.567045200297142	8.717670317803982	0.0	25.727668699839253	7.8461520391472614	6.967470971966523	6.581906373655601	67.70245414439948
0.04460548543551262	0.04382213984383929	0.053465068495296884	0.06120432900684812	0.060740589972920825	0.06493297074230853	0.06875887793526307	0.07292406447622908	1.064109673226514	1.136363514208561	1.2130097286133745	1.1295377217725455	115.76720368037526	0.0	22.684203654965444	1.1602440003701486	1.0205548822038537	0.9526118784617699	1.0291201830275905	0.9258074808915577	0.909654562793816	0.8319860798284958	8.710478668570461	0.07594548155027384	0.07675803847739664	0.07788487834666409	0.0	16.20092992972221	0.9492355233367643	1.0467862878113383	0.994179014441959	1.2309630794894786	1.3667329005868114	1.1406527090597043	1.3978302568394612	1.0768005532019047	1.0704554867301757	1.8011997678000233	0.11541663046919044	0.12176037729542023	0.940534118379244	1.0262034415172423	1.0038733694972917	2.625932430209326	2.6049372121600354	0.9138221409007274	1.0150627952469051	0.9781609900649161	0.8373928631764731	48.42788667125154	0.12065845601985982	1.0	1.5886625464941022	1.0566165466941522	1.080933865768712	0.9503311871670072	1.0346636878072508	1.2069242662915232	1.208500119683639	0.17081972440807164	0.14897926457264216	93.5171156171005	2.164698246665515	1.229193495255785	0.9127546314634699	1.0520520458937777	0.0	3.1046356171803975	0.9468552268248234	0.8408472167847876	0.7943764065440186	8.173064121625135
0.028084008533567108	0.027592852467343193	0.03366588345563572	0.03854261911802373	0.038247587033203696	0.04088707238605649	0.04329413394146598	0.04591819832390458	0.6700863479143063	0.7156271325786223	0.7639851469696846	0.7111551037708798	72.89981522198227	0.0	14.285340900418785	0.7305975704601386	0.6426063157582032	0.5997063003529706	0.6480129091293343	0.5828976931666425	0.5726833016645284	0.5236296349755106	5.482146019532577	0.047816202140074475	0.04832866338465497	0.04903963792039703	0.0	10.20090918095979	0.5976478190578005	0.659177127950529	0.6259922218283233	0.7752076008275087	0.8608427842955192	0.7183699587480786	0.8804460274572776	0.678072593883198	0.674103357909696	1.133835786108836	0.07267110773994893	0.07665955317280197	0.5920641878332992	0.6460124633071279	0.6319485299192115	1.6533202058122471	1.6399695668761634	0.5753249015368525	0.6391251113032638	0.6158413807869231	0.5270774114385062	30.482417274380435	0.0759545939329581	0.6297385711106628	1.0	0.6653640093891042	0.6807021848238696	0.5983348290049224	0.6515257465823007	0.7600870093315004	0.7608550259307819	0.10752453149186346	0.09378940660624871	58.890124899714166	1.3632580350847467	0.7741692684597273	0.5746591338258151	0.6622025555515558	0.0	1.9543221853347101	0.5960064261484079	0.5292570359991695	0.49998929563785116	5.14360666532242
0.04222445084945177	0.04148106308024503	0.05060803886667266	0.05793071602188073	0.057494239386496226	0.061462328504259305	0.06508694020612131	0.06902810581458733	1.0072261526975135	1.0755583683318222	1.1480657535075247	1.0692588097909905	109.60785023628841	0.0	21.47250701730859	1.0982073723439936	0.9659988932932008	0.9018079374790433	0.9741236760670557	0.8763935411805027	0.8611202396794201	0.7877427195764078	8.247354183583964	0.07189169383408982	0.0726600029948388	0.07372542973475736	0.0	15.33798692663215	0.8985653327936327	0.9908385356687437	0.9410455802218723	1.1650877076691408	1.293478007568595	1.0795868184642454	1.3228997424929467	1.01921197327339	1.0132231840360542	1.705243593556476	0.109252664324689	0.11526176124308722	0.8904724138303004	0.9715252197555123	0.9503926165424277	2.4859524643142046	2.4660078795093945	0.8650621387123455	0.9608750165976085	0.9259652457525076	0.7928316375403658	45.85119771257937	0.11422926440249022	0.9466955419328016	1.5039163562901525	1.0	1.0231144196134572	0.899593238274216	0.9793740794477733	1.1423246045433528	1.1440265121750315	0.16172962866754734	0.14103627277571465	88.51213582407813	2.0488380844899923	1.1633632832610818	0.8640584003643462	0.9960458240954666	0.0	2.93940044462016	0.8964290952654804	0.7960706046840649	0.7521088238746776	7.738479736436862
0.04127928428351909	0.040551512495487836	0.04947351735468031	0.05663068009402055	0.05620503079635927	0.06008436588808572	0.06362857849070515	0.06748100593190824	0.9846431969235966	1.0513986575081058	1.1222537613257775	1.0453319641380567	107.1541992679583	0.0	20.990944969246943	1.073593451672467	0.9443501105453469	0.881656444004903	0.9522935546087158	0.856774236892584	0.8418487430255491	0.7702068026000983	8.06378341683901	0.07028260603680352	0.07103327931353587	0.07207397870937107	0.0	14.994726053554034	0.8784550342462238	0.9686183542578723	0.9199583697484525	1.138938964323908	1.2643243464260636	1.0553426538235922	1.2931378161011546	0.9963400636521297	0.9904692532019455	1.6672241948994546	0.1068050201921976	0.11268224811564209	0.8706028698590522	0.9498186970644311	0.9291523656310727	2.4303587219819462	2.410876242734791	0.8457139115348862	0.9393504989448536	0.9052555332283267	0.7751407202539948	44.82766137169944	0.11167771678431233	0.9254786106976114	1.4702642092572236	0.977684376418428	1.0	0.8794668217894531	0.9574207889179809	1.1166443659623753	1.118418685796259	0.15811984337454774	0.1378841600917231	86.51837781387107	2.002731120351749	1.1371935134655058	0.8447159291996442	0.9738250924973142	0.0	2.8738121523047817	0.8764372131936446	0.7783250191191511	0.7353432133991233	7.566214360021728
0.04694263726099972	0.046120747701727055	0.056271247817627046	0.06442118837581093	0.06392862356922745	0.06834080827151894	0.07236588207162331	0.07675018570094869	1.1199892478036317	1.1961131746441018	1.27687870224433	1.18870766970473	121.85473971999907	0.0	23.879259623904957	1.221154458281091	1.0740878211691205	1.0024358650925589	1.083119390494679	0.9742966830648851	0.9572748233727238	0.8753338015762993	9.164413371059656	0.07992497626891899	0.08078134012138255	0.08196907397618076	0.0	17.051819072665623	0.9989651401155822	1.1017853798591752	1.0463158914748891	1.2957057268728087	1.4387697155070995	1.2006571403397246	1.4715412303904325	1.1333562193469306	1.126709917054992	1.8953282720505253	0.1214693923409642	0.12813753264205077	0.9897050352184233	1.079844620718971	1.0563601763435466	2.7633755318069304	2.74129616620235	0.9616644674216318	1.0682978889687071	1.0293821435982464	0.8811043532759377	50.95705065090892	0.1269665470598348	1.0525918235969782	1.6718629112805539	1.1120856035290054	1.1377237117461654	1.0	1.0890018253462659	1.270444506538622	1.2717772033875376	0.17974479697679177	0.15677362420267815	98.40985290235423	2.278608546255465	1.2939296867833407	0.9605626483087237	1.1069877388917424	0.0	3.2668127106055835	0.9962737146142822	0.8847254794430534	0.8358085841749522	8.598449413665076
0.043117394751639386	0.04235886140157398	0.051679561240153056	0.05915880133190821	0.05871189023408766	0.062764227245259	0.0664640421689858	0.07048945272779719	1.0285656375274215	1.0983548019180727	1.1724190752667714	1.0918597486186727	111.9110280714315	0.0	21.92798130957086	1.1214958473670953	0.9864640050257474	0.9208561633514908	0.9947509823924362	0.8949361792347914	0.8793135037136749	0.804336936543614	8.421075816572626	0.07341194482124018	0.07419706294831005	0.07528530757894093	0.0	15.662513574242462	0.9175719614116976	1.011834818088955	0.9609712692553588	1.1898035330671874	1.3209488175937723	1.1025059525493919	1.351003077616205	1.0407956766947781	1.034687723170493	1.7412412923750358	0.11156337170629446	0.11769905632153463	0.9092528563919051	0.9920360221600104	0.970429057178603	2.5383466389932505	2.5180882238171707	0.8833474810621932	0.9811955003258697	0.945535360499917	0.8095264557318359	46.81774875083482	0.1166394830143641	0.9667112597410371	1.5356781249271227	1.0212997413914695	1.0448001915887075	0.9186312364134049	1.0	1.1665549156601052	1.168196705169579	0.16513676860586024	0.1440151361911327	90.37494872104138	2.092298431776183	1.188049192072289	0.8823090872524566	1.017048660347027	0.0	3.0013391642505525	0.9153429102243599	0.8128543337421477	0.767955645964458	7.901220668565888
0.03697906425525537	0.03632502913686902	0.04431626526924492	0.050723611352281296	0.05034563223038736	0.053820657298514867	0.05699666408292125	0.06044744045124204	0.8819938547816871	0.9417140380721003	1.0051209272947053	0.9364180915371549	96.00003334314177	0.0	18.802217237924683	0.9616589081026781	0.8459289925775157	0.7898726038579322	0.8530281224363142	0.7675507829851743	0.754182252641964	0.6901334423589691	7.224922884422536	0.06296051774993697	0.06363232159092537	0.06456307584514859	0.0	13.432124192689823	0.7869398251622675	0.8676135608844264	0.8240728286238037	1.0201013153516487	1.1322889238979963	0.9452254914015247	1.1580531479642167	0.8924240527593758	0.8871653695252242	1.4937031061460848	0.09567470660220687	0.1009446602768054	0.7799717615325695	0.8509756702550337	0.8324341380986033	2.1770999385157013	2.1597234578169426	0.7576404462436415	0.8414435948660189	0.8109420901163971	0.694513272506974	40.156483043370415	0.1000523568369828	0.8290012614207093	1.317070007693189	0.8757331711751272	0.8958247678118963	0.7878532945874601	0.8575962986687116	1.0	1.0019162444782255	0.14166359862123332	0.12352855433171941	77.50671138077522	1.7938057577510043	1.018447857902877	0.7567357992147865	0.872509822287096	0.0	2.574784276686667	0.7852561110758347	0.6973392595037055	0.6588629206806578	6.779542519868439
0.03691766278544934	0.03627205888177499	0.04425526622086341	0.05066548009692521	0.050277669042806145	0.053747604750709936	0.05691158557178293	0.06036035600178499	0.8808447678314105	0.9407237058149948	1.004248254211661	0.9348320375734308	95.81850900080173	0.0	18.777327107668665	0.9604210077622084	0.8447429877834469	0.7883472551266171	0.8518511197952567	0.7662377829507334	0.752835192436614	0.6883196466580874	7.2062855945414395	0.06285633733169517	0.06352981888140441	0.06446419801645538	0.0	13.408315473962618	0.7856138546500022	0.8665001823360533	0.8229112579884266	1.019026592657759	1.1315950620638004	0.9443334653292014	1.157361887597528	0.8913459431300979	0.8861134332116907	1.4904211966515817	0.09552862857367095	0.1007725284631168	0.7782519466616551	0.8491870212192627	0.8307186088654028	2.173154719371044	2.1557719765225025	0.7562696035165732	0.8401367284014455	0.8095433305050513	0.692857909027863	40.07091776777994	0.0998456868620794	0.827804411615748	1.3147834942645755	0.8746299385366991	0.8947830312772385	0.78651558306909	0.8564453164826608	0.9991645646726606	1.0	0.14134014266815806	0.12328817347924803	77.37443850130354	1.7920756034298935	1.0176664704897886	0.7554212544175192	0.8705132713862938	0.0	2.56895823136007	0.78346134630904	0.6957372191589657	0.6572548311723964	6.7612311831861325
0.26132688781677654	0.25679185379290853	0.31332707873585175	0.35876168352619126	0.35597095424081326	0.38053796090893155	0.4028978141904639	0.4273374881894305	6.236768318367421	6.66157175831045	7.112344917453739	6.617189902409442	678.0624826270413	0.0	132.9651341019177	6.8002166937118576	5.980716322700211	5.5795154583247975	6.031052674438903	5.4239763157166685	5.328609678869573	4.869135243542023	50.97965063512779	0.4449442563279874	0.4497229309748157	0.4563594715903118	0.0	94.90127992697741	5.561100002578636	6.135210130065141	5.826054168432257	7.215920424590607	8.015683045286188	6.687615268444035	8.197897192461559	6.311537638689309	6.274384771997346	10.547031328978589	0.6762709889692147	0.7133241393205513	5.506813814746051	6.009393837949099	5.87888546869462	15.381355444534165	15.258041237000556	5.3528988145431935	5.94735131762201	5.7301640942647545	4.9022692748995835	283.48450099519926	0.7065730770293789	5.8605972386529706	9.30642398748095	6.192982826027884	6.3360885396534	5.567686055693359	6.0638768869955575	7.075961039574949	7.07927023132688	1.0	0.8725542007123501	547.7999620089091	12.690931283234606	7.207706494043314	5.34712058484116	6.159464736153105	0.0	18.17688920803141	5.5437199006532145	4.922702421151015	4.650208690138877	47.82820546942145
0.299461935768021	0.2942409669861423	0.35900892130939716	0.41103743581589663	0.40786863123510625	0.4360155556062159	0.4616720428057928	0.48965600149705363	7.145842550572064	7.63198153514718	8.14790626777783	7.583070968000517	777.2083932231639	0.0	152.34497134810465	7.7912301474297285	6.85268606380143	6.394363171737324	6.910263864742294	6.215370609031032	6.10651676120786	5.582123434004783	58.445547264616515	0.5098697494510961	0.515341674413421	0.5229336825275757	0.0	108.77182459511407	6.37275598111827	7.029518412945014	6.6754260719489915	8.267318126656624	9.181651433848055	7.6613109804945125	9.390648061493073	7.231301150345006	7.188871561837038	12.088647701043444	0.7749262305811145	0.8174223793587899	6.312421962122515	6.887727412750847	6.738020691233878	17.628541562433398	17.486562134999016	6.13446154005399	6.815329703405629	6.566633366509431	5.619402146235898	325.0078852797188	0.8098400904322487	6.715328791147192	10.665142324503442	7.095436785368942	7.259185647400796	6.380125440734904	6.94787861046832	8.106504510333966	8.113001630491762	1.1463821930317153	1.0	627.8775641405676	14.539323902796644	8.256936838437015	6.127612871380613	7.060133647334879	0.0	20.835711717237967	6.35421853549161	5.642694641178998	5.330504990965759	54.83428178776782
0.00048768561866761076	0.0004790833142072359	0.0005844843042740138	0.0006690420322807593	0.0006639983452413484	0.0007098506648068174	0.0007516618603493933	0.0007971664603763083	0.011630672736656434	0.012419098029322785	0.013256063623527211	0.01234794946998259	1.2627792646402067	0.0	0.24787581766276656	0.012684698780821083	0.011156344666407364	0.010415682651851067	0.011252241534403457	0.010121844613924397	0.009944596198691718	0.009096744231205506	0.09523918329715904	0.000830368215601899	0.0008391528316840711	0.0008514498859433684	0.0	0.17697762432673786	0.010376987331315412	0.011442953975727428	0.010871186696867943	0.013453234520841541	0.01493703823773278	0.012471252414520927	0.015280410966733783	0.01176950501241129	0.011698863141060162	0.019696004799365136	0.0012617337918485664	0.0013313759258935852	0.010279816574278419	0.011217853365851288	0.010973312290535654	0.02870909810240418	0.028470654814075944	0.009989960934372214	0.0110948535147032	0.01069303227596941	0.009156189543979263	0.5292542643982562	0.001319223938318175	0.010933747160994352	0.017371149224693724	0.011550140316475615	0.011814921901715694	0.010388112110415307	0.01130917095240043	0.013193253832677347	0.013207568495772409	0.0018670329300301582	0.0016287019058882175	1.0	0.02365987796266409	0.01343500905589103	0.009980639293442973	0.011507677396465276	0.0	0.033940670195808646	0.01035180762220343	0.009192738049310834	0.00868619290894736	0.08938947696301446
0.020621225843225576	0.020256532586441275	0.02471285346921259	0.028286101160420452	0.02807530083847912	0.030013182214318725	0.03178406787646439	0.033708354933169773	0.4918406562036626	0.5251588862286156	0.5605092085724548	0.5222002971743965	53.537672471068774	0.0	10.48353241522293	0.5362796416490057	0.471726361030509	0.4404642614124739	0.47568858948695886	0.42802180990248345	0.42056341901475475	0.3848363042277746	4.028698372516945	0.035109923580751545	0.035484260330322544	0.03600358012668042	0.0	7.490866048567751	0.438843621021743	0.4838380545950497	0.4595551800390472	0.56887519318911	0.6314322223768328	0.5271069897273083	0.6457959847378797	0.49767104434375653	0.49473557317987965	0.8329629343650599	0.05335307002950499	0.05629197685368869	0.4349494535940406	0.4745269289921311	0.46420135626380865	1.2141032861891778	1.2044065329414197	0.42249494182882485	0.4692406028426156	0.4522239381938766	0.38728330103525155	22.39492226758586	0.05579372221243001	0.46229338756112076	0.734460359618756	0.48835479866460724	0.4995467734082403	0.4393441576029925	0.47824057445611895	0.5577254239375733	0.5587215382201904	0.07899688873411051	0.06888469697604666	43.21534763055301	1.0	0.567947437314721	0.42199323702258423	0.48653475008305025	0.0	1.435787549143427	0.4378860062226252	0.38887040604933004	0.36740233190582183	3.780546896690972
0.036322230896188794	0.03567822928224424	0.043526180338362926	0.04981660548042418	0.049447893110554406	0.05286110162014812	0.055981969201159415	0.059370566270906644	0.8662327071320257	0.9248479852695992	0.9870984585601847	0.9197912286209753	94.29702570929136	0.0	18.467852119719193	0.9445256980388143	0.8308562930567361	0.7758844343398164	0.8378235852676658	0.753927624319287	0.7408016307744736	0.6780091059460512	7.097394527755383	0.06184243454535055	0.06250123283882264	0.06341442517791611	0.0	13.192798878775507	0.7729626388632449	0.8521454182924197	0.8094150318532422	1.001812466777979	1.1118769448928698	0.9282641180163796	1.1371745339364745	0.8764845960545528	0.871310216748832	1.4673528069335866	0.09397251118101489	0.09915303362152254	0.7662034805562018	0.8359427609322698	0.8177059230822444	2.1383906448693244	2.121415765539693	0.7442028481880882	0.8264693365599414	0.7965629411219659	0.6822807244733786	39.45254800833157	0.09828436700215146	0.814241886604246	1.2937167629335635	0.8601134668614373	0.879833691166246	0.7738514079038069	0.8423066783213298	0.9821944033031726	0.9841406908972493	0.13916382713410638	0.12134156903224978	76.11887365003767	1.7616567213312488	1.0	0.7433123651434148	0.8571410697444525	0.0	2.529347889359457	0.7714062340555736	0.685053360950256	0.6472580723355676	6.66040320000751
0.04887430585651229	0.048019686223181486	0.058588326608792644	0.06707576190829216	0.06656171674445929	0.07115523307277302	0.07534504540286732	0.07991073317980865	1.1661439210116968	1.2453976451510516	1.3295323605848068	1.2376300031535301	126.84887487108568	0.0	24.862668824632024	1.2714567825920655	1.1183129731946961	1.0436738136707875	1.1277170008637627	1.0144065973625926	0.9966541418044998	0.9112819048177364	9.541151978780231	0.08321420239712911	0.08410630793806644	0.0853434180160477	0.0	17.753458967246626	1.0400801998839764	1.1471547122275398	1.0893874838177804	1.3491120749457586	1.4981259183494195	1.2501581005315727	1.532244365570545	1.1800640982806698	1.173129074152923	1.9732430574236672	0.12646924278138197	0.1334098668562558	1.0303891520728579	1.1242564380042528	1.099809357591403	2.8771784882807685	2.854085056296523	1.0012177749444677	1.1122853666134376	1.0717444795750966	0.9172818834229347	53.05098994072019	0.1321851897970519	1.095932871964765	1.740650635326918	1.1579235623795205	1.1846039760043585	1.0412870030952421	1.1338432460544554	1.322816564608877	1.3241517951392552	0.18713088558016955	0.16322234192028795	102.49147918055807	2.3725509136167315	1.3473144171295914	1.0	1.152443744140907	0.0	3.4011257394287364	1.0372276801244265	0.9210862879480103	0.8701481851087453	8.95171924767233
0.042434931296344125	0.04169922227201161	0.05088003559934556	0.05826023397934898	0.05780602967125953	0.06179408316385784	0.06542682993710987	0.06939470541378139	1.012806501085302	1.0817998570126546	1.1550747809623731	1.0745517315459456	110.1090382518061	0.0	21.593681328300004	1.1042542897757979	0.9711997208993383	0.9059811496561532	0.9793320476195502	0.8807283960067438	0.8652737233863884	0.7906309116447103	8.2786683637474	0.0722508270565989	0.07302833847094002	0.07410739211505941	0.0	15.41462692473326	0.9030550580852335	0.9963081695151417	0.9460079557332229	1.1718748759950313	1.3016967301651865	1.0860045015067172	1.331343802927996	1.024930255018459	1.0189577707340354	1.7125933245433014	0.10981809237211862	0.11583040332347849	0.8943157344211069	0.9758661462871862	0.9547006590918473	2.4979186214143416	2.4778127173424798	0.8692417435494935	0.9658328775282616	0.9305079785323499	0.7960326104039492	46.04453931719299	0.11473510239865882	0.951714397887146	1.5112315829991854	1.0056668562704285	1.028919565757932	0.904119638462942	0.9847222777382884	1.1491170518161558	1.1496445386949223	0.1624082253003392	0.14169044442045028	89.0302697828165	2.0609322060989563	1.170547261161748	0.8682784211173323	1.0	0.0	2.951664463620178	0.9001568802892631	0.7993454149723577	0.7550832534014236	7.766215547681318
0.0	0.0	0.0	0.0	0.0	0.0	0.0	0.0	0.0	0.0	0.0	0.0	0.0	0.0	0.0	0.0	0.0	0.0	0.0	0.0	0.0	0.0	0.0	0.0	0.0	0.0	0.0	0.0	0.0	0.0	0.0	0.0	0.0	0.0	0.0	0.0	0.0	0.0	0.0	0.0	0.0	0.0	0.0	0.0	0.0	0.0	0.0	0.0	0.0	0.0	0.0	0.0	0.0	0.0	0.0	0.0	0.0	0.0	0.0	0.0	0.0	0.0	0.0	0.0	0.0	0.0	0.0	0.0	0.0	0.0	0.0	0.0
0.01438133495422786	0.014131814006510276	0.017243094990614653	0.0197437614246792	0.019590096248640533	0.020941859882857326	0.022172829887519754	0.02351760003524203	0.34322545764849033	0.36660364301630793	0.3914271164816776	0.36416655915398105	37.30918898769488	0.0	7.318350629554651	0.3742350571140986	0.32913604797876084	0.30704210282091715	0.33189693860318725	0.29848078320924415	0.2932449751644344	0.2679604130443058	2.8054897422237643	0.024486076773663466	0.024749361657926856	0.02511473618666725	0.0	5.223389763376779	0.30604277338628	0.33763793482266813	0.3206110728050289	0.39712186313723674	0.44112441708233263	0.3680339475980196	0.4511478293864374	0.3473408039150448	0.34530789075329144	0.5804113221601885	0.037217151670640096	0.03925569729022868	0.30307178709748966	0.33071054817620543	0.32353528730836106	0.8464255969439343	0.8396998098166971	0.29458796837736806	0.3273148063168144	0.3153524909555191	0.26978610982880397	15.601973727872391	0.038884558944689444	0.3225226563415001	0.5121740679555222	0.34081113061135887	0.3486893475901369	0.30639986753715676	0.33370918422467993	0.3894165097875302	0.3896055983113402	0.055038288079440556	0.048019388824116646	30.153855729314177	0.6984276932926762	0.39666739991937583	0.29426764108767783	0.33895938658912517	0.0	1.0	0.30507954437247303	0.2709068506514436	0.25590849784156	2.632057008587106
0.04714664922334503	0.04632890032055068	0.05652890207226891	0.0647280953357591	0.06422369868785766	0.0686546753799529	0.07269102914879438	0.07709885946164685	1.1252438175117887	1.2018727650788512	1.2832888928070871	1.1938689373419942	122.35806145261215	0.0	23.99232118049222	1.2268515793281534	1.0790135177281117	1.0065934566613026	1.0880588392127661	0.9785124620697999	0.961342019010477	0.8784590098768568	9.198213391106785	0.08027289493660625	0.08113687181981291	0.08233503969240581	0.0	17.125487401296922	1.0033185276724426	1.106925858865015	1.0510463073250162	1.301971529151751	1.4461765089383039	1.2065439593418124	1.4791285189341166	1.1387095345091205	1.13204990785152	1.9027918936540913	0.12201143513658834	0.12869086895952705	0.9936271354096343	1.0842125238555316	1.0606896188157735	2.7754259679293183	2.7529306674176475	0.9657546796246288	1.0730774046436207	1.0338237528976042	0.8844466434776692	51.152530472889	0.1274765618411129	1.0573792767532042	1.6790704611947758	1.117299647165248	1.1431381452199039	1.00447683216289	1.0940411866805042	1.2766841881329667	1.277272474598221	0.18044455557350575	0.1574227683147078	98.86757170715526	2.289752463251777	1.3004662060838463	0.9646972698315073	1.1112092120785493	0.0	3.27951856697658	1.0	0.8881229127221772	0.8389349388348263	8.62853872595763
0.05309323414947113	0.05217284544796687	0.06365965954951835	0.07289339000217705	0.07232507024023982	0.07731517511506263	0.08185966433007756	0.08682444040461075	1.2671765253507525	1.3535070993450269	1.4451970264783158	1.3444341774277164	137.77864598168716	0.0	27.020588607605504	1.381620486186435	1.21511736184641	1.133543628827072	1.2253200232912231	1.1019376595669181	1.0825977686318835	0.98921045493213	10.358172350593083	0.09039847942162746	0.09137068040919522	0.0927202739924305	0.0	19.285250577842948	1.1298759812797534	1.2465407241473936	1.1836232536427125	1.4661976860601835	1.6286243604781347	1.3587598541754178	1.6657149900962325	1.2823712020874576	1.2748819589594484	2.1427312778847156	0.13740005924665144	0.14492353903377347	1.1189251364019661	1.2209507709481546	1.1944561874844992	3.1252767203066285	3.1000613804944996	1.0875403282892142	1.2084149735981167	1.164215200015558	0.9959497875072902	57.605452091541444	0.1435521461162296	1.1907620549968079	1.890797495680442	1.2582469202408892	1.2873599125232067	1.1311779581569967	1.2320365992457718	1.4377282817008534	1.4383754904764492	0.20319221994107525	0.17727720559188995	111.33308435797365	2.5786491546808654	1.4645377885309507	1.0863708377882073	1.2513333592180829	0.0	3.692984975467258	1.1262480926289613	1.0	0.9447278378412353	9.716643423143877
0.05621039161806741	0.0552373193917855	0.06739981856027087	0.07717859864385215	0.0765744370111793	0.08185761693270904	0.08666767433597586	0.09192451814080979	1.3416442467364924	1.4330905188171952	1.5301991397361847	1.423361020041751	145.86689925059227	0.0	28.607652566344647	1.4628046266128356	1.2864924289410387	1.200028021522155	1.297294533412542	1.1666229827118382	1.1461327520023739	1.047138730758236	10.964222456279172	0.09570521036251807	0.09673571460955938	0.09816576057309538	0.0	20.416547066482572	1.1961877716968343	1.3197928096374933	1.253177012194113	1.5524111941524326	1.7245103642069362	1.438680329742834	1.763753519396931	1.3577394818698725	1.349813019966535	2.2683405828925953	0.14546985050966307	0.15342980542865065	1.1845101062529655	1.2925348601262843	1.26449545951265	3.3087323474301202	3.282002428211116	1.1513852840808796	1.279378598582674	1.2325617626735266	1.0543198053675444	60.98026924924595	0.15197077510547546	1.2606895526631121	2.0017638757416445	1.3321963789646711	1.363020008407946	1.1975747525137355	1.304429231237727	1.5223031566106522	1.5227700963526254	0.2151046715134596	0.18767592351406664	117.89281111773902	2.7302551664485253	1.5506991401931938	1.150124436238515	1.3246686098491252	0.0	3.9094550351623933	1.1922383295644023	1.0587187585291635	1.0	10.285665302696795
0.005471249517733086	0.0053768751933237924	0.006560993990145019	0.007513318434906454	0.007454128643896462	0.0079683615835248	0.008436179075590836	0.008948278765786324	0.13060939203410127	0.1395168639135277	0.14897872302817416	0.1385393902610773	14.200573954880202	0.0	2.785487542541442	0.14240012066787566	0.12523604415401635	0.11679442931029815	0.126284154383483	0.11355525067543387	0.11155485041745185	0.10188625571383784	1.0668801868324218	0.009315537200935597	0.009416098525237941	0.009555452158891488	0.0	1.9872640490173261	0.11643073260726969	0.12847928080196944	0.1219895831062917	0.15112901846422183	0.16790302197692455	0.140062902340244	0.17172412518462588	0.13216988593739173	0.13140428435532972	0.22075149106810343	0.014159926862684923	0.014934090709405719	0.11527374448922903	0.12579340826658697	0.12307166970448336	0.3220787931656455	0.31943941461330877	0.11206392779884887	0.12453070223245649	0.11996982979720625	0.10259759439218234	5.932905924537571	0.014790068640598274	0.12272152996385277	0.19483859397312311	0.12968642599420965	0.1326907004283177	0.11656577354605083	0.12697922241754828	0.14820248719708604	0.14821199379891511	0.020932467369692894	0.018266248868454456	11.478763188145344	0.2658067251383986	0.15097333850248956	0.11194723289570213	0.12890771942545579	0.0	0.3804392476528248	0.11601930886919787	0.10302627932238449	0.09731726876831202	1.0
