1.0	0.9342347242471128	1.1240964860539133	1.2155262710843842	1.2629053214907522	1.3568120174198324	1.4845787807290676	1.5399931485960143	21.933286445992692	22.16841455277806	22.92209469243555	25.61768809433471	2313.139616314264	0.0	389.49711757020606	23.81608613610765	21.35810433154958	22.664699911673107	21.365732618025515	20.75934427569469	21.1687731951733	24.552413632803386	262.48047659706936	1.6904694910572948	1.689315462327285	1.7004100069013093	0.0	350.1362419985411	21.282788771637712	21.596970334291857	21.418965511424737	24.238097621943606	24.262723131540657	21.65855101008229	24.916801820001904	21.728091664346596	21.43618062206558	46.736946151963295	2.513124981498342	2.756136607798458	24.806849632777705	25.85453437829161	24.80328988008562	62.87930569907818	60.07882437147686	21.142004666561608	22.489654944586388	22.457625772617117	22.485653209139237	1475.21024317245	3.046812565208325	21.263436530765624	36.010452502096996	21.39864269810925	21.265122389250777	20.64424317233248	21.218368510681593	22.976038640909184	27.347830169435554	4.769022372230642	3.557216230561799	1663.1347028990547	40.93138401322163	22.691408668178692	21.004832842178114	27.887968662849673	0.0	81.90787691681174	24.434504084092545	22.252762416113747	21.706059448536305	259.79863616125334
1.0704743918943662	1.0	1.2032004781868912	1.3009615314728822	1.3517597644059234	1.4522803734283076	1.5890992051993529	1.6483821768211457	23.476327474556697	23.7262812668898	24.531622873893927	27.423210049592267	2476.4695605460183	0.0	416.9773060769187	25.4914627600817	22.861369348367347	24.264089826615653	22.86914687560862	22.222744630349574	22.661983515756138	26.293732387808095	281.09661603228784	1.8095905785975068	1.80833499038774	1.8201535024807063	0.0	374.79901582619937	22.782625264585587	23.116121763910876	22.92720477541019	25.94104795318731	25.963675305586214	23.179708181205708	26.663491352976347	23.25574480632552	22.943196010087743	50.04179276677552	2.690101552963566	2.9504311084057444	26.560838641914092	27.680762415885354	26.554697274313956	67.31883713049397	64.31706603524408	22.633190971972667	24.073300903686455	24.040869497261554	24.076714634542867	1579.8797222706028	3.2620587373863716	22.760683998277884	38.549186858125886	22.903452902418103	22.76010520442175	22.09882448496567	22.711204068058912	24.589064031615163	29.275233569736173	5.106419952502078	3.8082633422146177	1780.3319156537727	43.80726140339022	24.283495113540127	22.48585330982564	29.86042593811222	0.0	87.7011986818524	26.162425428964344	23.82674464131388	23.242891947279812	278.2399847410515
0.8897211881664765	0.8311283212636479	1.0	1.0812245960804654	1.1234684480353654	1.2070147665984907	1.320745231407782	1.3700072577271047	19.51146514982006	19.71876354422027	20.387657178519916	22.792684597285536	2058.4509054040436	0.0	346.59153807794513	21.186306149346457	19.00055630771362	20.167640090160514	19.006975374797495	18.47048227176188	18.835760777400974	21.8572929412102	233.66688588878412	1.5040345335504117	1.502982936784451	1.512787199969494	0.0	311.5118341560066	18.9356605175372	19.21206778236495	19.055451150098364	21.559295939934866	21.577157151668136	19.264280939878947	22.158699058150255	19.327939211253142	19.06817506755802	41.595494762722126	2.2358296331362792	2.452258033568546	22.077539722526637	23.00796339861023	22.071800337509746	55.95454163180593	53.45818516815642	18.811892862506735	20.00799805098321	19.981641613773714	20.01321799993789	1313.317058673624	2.711400781956093	18.917135677531906	32.04037730350974	19.03519427114375	18.915972125690367	18.367308134445366	18.875644967227885	20.435435724345748	24.332194026777724	4.244531056517894	3.1653298159348062	1479.739352998948	36.407955912300096	20.181169236736572	18.689265268208818	24.820605097274118	0.0	72.89887502795548	21.746576611496742	19.805182900947653	19.320404746343296	231.296861238744
0.823051331227319	0.7687886927607074	0.9249715984416287	1.0	1.0391584461323418	1.1164386277892302	1.2216843184701323	1.2672323560817722	18.04719068402395	18.23735897571872	18.854826995888732	21.084734787715135	1904.463873942138	0.0	320.6794521146708	19.59628016911041	17.575354433076114	18.658388271445173	17.58079867301631	17.087040771255275	17.42562477576392	20.22837356075798	216.2482271166132	1.3913287833457666	1.3903383886108325	1.3993492827636325	0.0	288.1563432784239	17.516682877528574	17.770059431158472	17.626635202130387	19.939008511527167	19.95197248494544	17.81612377287935	20.4895419572168	17.876503856045723	17.63618175238203	38.48831092532684	2.0681744604811527	2.268564717541339	20.427830208209855	21.287567543926034	20.4209442949607	51.76799806272603	49.45637404644506	17.40344676340567	18.50737818564729	18.484894654379865	18.51914784261682	1215.4447555115069	2.5086510632241845	17.498599010878834	29.640324643613766	17.6060101049103	17.495487243464133	16.991030864672567	17.459242143064888	18.898504795992295	22.509062977687243	3.927467843962744	2.9284711432034607	1368.8376780180922	33.67210468711776	18.66235931440889	17.289552276413303	22.96673212270741	0.0	67.45362734282426	20.122113841889743	18.325985050440206	17.87852116833696	214.06865360202806
0.7919598836513168	0.7397955025311105	0.8901085421311811	0.9623905841626655	1.0	1.0743704912273535	1.1756067265304506	1.2194526772233791	17.36715841044277	17.551495887068604	18.146679444447855	20.288213837417533	1832.2250646089053	0.0	308.4986455228708	18.858040751925103	16.91254503418471	17.951935925715453	16.91823426500814	16.441083227779806	16.766280752181288	19.45680179282262	208.00222188485017	1.3387703961445088	1.3378290968436302	1.3465512264046866	0.0	277.2721214546688	16.8549792321662	17.10066323906936	16.961595774379997	19.189629621683103	19.20514287267585	17.146929462079108	19.722723860304434	17.20373527396367	16.972455724368107	37.02622366398105	1.9901392418269606	2.1828169060350655	19.652094951884163	20.480346212264056	19.646870816548674	49.806126312142965	47.5844246912166	16.744936246812163	17.809241009375473	17.78611022888164	17.81489684355103	1169.0839409862124	2.4135344100570797	16.83826019947392	28.51984852468934	16.943225922944507	16.837049298576833	16.34907954981931	16.80130009726687	18.189191307497087	21.65841638587292	3.7782534512259933	2.817560799000895	1317.060251112872	32.40626157207616	17.962706175172272	16.63578968373462	22.094149303123338	0.0	64.89101451068593	19.35778199348692	17.62969967288324	17.19827315671741	205.8965838505852
0.7371367009105932	0.6885866238384416	0.8284963752264227	0.8957780016639597	0.930786362463946	1.0	1.0942325209452022	1.1350462763553004	16.165149618698223	16.33669486619943	16.89081321050551	18.883826140084416	1705.471344502924	0.0	287.1697999008135	17.552683135876034	15.74197005856342	16.709167254971256	15.747151622698267	15.302923483234313	15.605665785344996	18.109554675894067	193.60005974286213	1.2460970129224729	1.2452271472430387	1.2533420699667919	0.0	258.08939117432396	15.68826656129335	15.917056158354496	15.787432966449332	17.861443375639382	17.875762380009718	15.9600225784989	18.357531100230833	16.012945037005725	15.797729812266864	34.46290135148366	1.8523812295216175	2.0317110588863647	18.29182549766318	19.062566804060193	18.286935303679492	46.35842816298922	44.29077555445515	15.585883820789896	16.57658586026888	16.554923393490903	16.581580887650034	1088.1277806041737	2.2464390873783593	15.672846920687443	26.54566616784224	15.770446290192428	15.671670000871012	15.217439951338891	15.638385992340822	16.930196959600647	20.159359342760503	3.5166990127144264	2.6225254841573022	1225.996784057842	30.16331197467742	16.719407513184823	15.484175692805405	20.564442724525538	0.0	60.39856267404069	18.01759823079493	16.409104982377066	16.007515211479177	191.63849898866027
0.6736392262671541	0.6292958349477127	0.7571689689651508	0.8186915237165163	0.8506555373370059	0.9139140316232901	1.0	1.037316905070052	14.77355113881848	14.930927315235904	15.437709602239464	17.256952353897674	1558.339651681994	0.0	262.3999774437405	16.041767901681602	14.386553941961143	15.269071937934566	14.391549185066678	13.98468843995857	14.260831298117827	16.545235651688238	176.87559569998794	1.1387608275684276	1.1379680339975426	1.145405080013148	0.0	235.8496275421226	14.336786784674363	14.546884033114198	14.428042571985369	16.3245107440666	16.33902238378377	14.587099538786152	16.77943894546411	14.634783056051507	14.438083776194961	31.48991519117568	1.6928547596492916	1.8566778670101605	16.71347339912106	17.418843717734802	16.71015391574825	42.36179389019172	40.473622949489176	14.242710273810099	15.148852940668968	15.128553446727919	15.150704894685877	994.0990975132438	2.052720738494068	14.323091257248304	24.258439647000436	14.413107991244729	14.322970397431428	13.906712215147705	14.292138097656244	15.473908325341757	18.422432658891402	3.213177668740357	2.3964726583919074	1120.2843580521146	27.567896413844082	15.281551266828428	14.150063324442655	18.790279334817804	0.0	55.187083471332556	16.463383990151616	14.993432305374439	14.625808917736167	175.07578366404232
0.6494240597294679	0.6066626011671276	0.7299314847669621	0.7892289938331561	0.8200533197123457	0.8810382675546723	0.9640441543377054	1.0	14.241969686570885	14.393485674633226	14.881883330836088	16.636797627783316	1502.4033618118615	0.0	252.95229149548456	15.464574603297937	13.86895605476228	14.72050214542367	13.873774091074461	13.481877300810437	13.748396004093529	15.952826662049434	170.5447900054821	1.0978200945759657	1.0970523436904709	1.104220702002704	0.0	227.37125280524972	13.821456897712096	14.023480154328507	13.909154287610763	15.73710670127405	15.750676006580493	14.061989511478075	16.1751885971563	14.108157348280574	13.918508800572287	30.35982443369983	1.631986156485321	1.7899403842242614	16.1139620233836	16.793456799588586	16.110104119118592	40.84076110911372	39.019224116669704	13.73089512482838	14.604316189236807	14.584817951736634	14.607218501657519	958.5414745636906	1.979051028248909	13.807902922589324	23.386629239755823	13.894463165747228	13.80744469629415	13.406556764204137	13.77787908226768	14.916887896653325	17.76018624511342	3.0980228781798616	2.3103787090407435	1079.9671083945254	26.57563155919218	14.731368952549097	13.641554562685624	18.116198501811606	0.0	53.207679923043685	15.87256602916576	14.45557737214292	14.101506788742052	168.81431985449393
0.04560438106001363	0.04260031942760726	0.051255740449840055	0.0554178621265284	0.05758366618955529	0.061866327663076426	0.06769611953544899	0.07022042306980167	1.0	1.0106676129460064	1.0449349824689111	1.1682883510624096	105.5026345498729	0.0	17.762820531674127	1.0859090549913804	0.9738734103534546	1.0337554171530834	0.9742180608558875	0.9467349666225705	0.965480465830476	1.1204824376041123	11.9784746612395	0.07709187834681118	0.07703739067467767	0.07753961972871128	0.0	15.966550290759718	0.9705754951741633	0.9847116727039724	0.9767123356669123	1.1050132972112268	1.1059295348839613	0.9873829027876128	1.1357329750705525	0.9906514718245539	0.9773359111720353	2.1321874363058826	0.11460018755015865	0.12569530596587425	1.1316667405796481	1.1793516454139907	1.1313536411837424	2.8681077919648645	2.7401117508383757	0.9642416391433735	1.0255313111231041	1.0241830621229067	1.0258884097701617	67.32784886110306	0.13898495441582617	0.9695978977362868	1.6422903517228684	0.9756508435652532	0.9695304994145926	0.9414358350231691	0.9674691018201869	1.0474045464453183	1.247172482371864	0.21757664742774224	0.16224730085036207	75.83575780625469	1.8660835586546092	1.0343605958277895	0.9579596081721616	1.272324894970287	0.0	3.7367930746903903	1.1147312574130777	1.0152211596400909	0.9903947512991613	11.857254574781983
0.04513321228748829	0.042157152934564054	0.0507213999818489	0.05483540463920134	0.056982780412116664	0.06122062240927441	0.06699225437026182	0.06948935252876069	0.9896173706963262	1.0	1.0338908060453946	1.1562156809809374	104.43324766448033	0.0	17.58389080341499	1.074565203375357	0.9637489572632318	1.0231703071966731	0.9640508514700389	0.9369833304596539	0.9555595807409932	1.10933658079383	11.85910723929945	0.0762951361218806	0.07624061183634898	0.07673493867231035	0.0	15.800948338682025	0.9605519060087525	0.9744279381836651	0.9665759289709069	1.093360092746019	1.0940619836646446	0.9769457255648717	1.1235391916697128	0.9802629007803485	0.9670817983494185	2.110642553834621	0.11341044269711228	0.12439962513183371	1.1202310339756503	1.1673541975745485	1.119822820678062	2.8387664216775312	2.712025579104026	0.9543460117553575	1.0148766974720973	1.0136432302361076	1.0155604068785395	66.65999706025018	0.13756980342026198	0.959548259356422	1.625371032069478	0.9654326197180204	0.9593593906326615	0.9317144524160671	0.9573807844073811	1.0362991165610302	1.2343076502720023	0.21538066987243543	0.16058825662857593	75.05951233669228	1.8463979065926608	1.0233456067716191	0.9480993604667617	1.259462057233556	0.0	3.699081304974938	1.103464395935535	1.0049700044974221	0.980447465538054	11.73998431921981
0.043663574255472605	0.04078229633045799	0.04906624155364972	0.05304272331869722	0.05512272023506416	0.05922267697973153	0.06480738786649695	0.06722240494158868	0.9573093717420977	0.9673392803257664	1.0	1.1185557502212573	101.04178480227105	0.0	17.01309873634169	1.0394953769462665	0.9323090798906586	0.9899263403722703	0.9325955293239804	0.9065002317710212	0.9244900370798972	1.0735376860792207	11.476406243651269	0.07381095318392984	0.07375696109584147	0.07423314717944222	0.0	15.28571746116273	0.9292676134737514	0.9426109601044406	0.9350718574682607	1.057587581542908	1.0581653790547352	0.9449819321309123	1.0866738550298354	0.9482338405593883	0.9354806828428766	2.042241691012469	0.10971328478842447	0.12035139026405683	1.0838875647849524	1.1294584764322344	1.0834432952969941	2.7466303754600587	2.623833353389785	0.923301209667961	0.9817705845188401	0.980654084933536	0.9826882800924799	64.5048171275553	0.13310502595613724	0.9282620455122582	1.5724770855789936	0.9339005189671509	0.9280170692764238	0.9013727300127093	0.9261354472455521	1.0023683477567167	1.1941248780609135	0.20839582681005958	0.15536976728433247	72.61275016775986	1.7860301588818779	0.989802483874986	0.9172502585152883	1.2186712193667044	0.0	3.579227228467219	1.0677098689861326	0.9724093070293292	0.9487352541825157	11.361071817755855
0.03903813935422479	0.03647095646052998	0.04388279408097796	0.04745201640422183	0.0493015477583829	0.052967659782266814	0.057954766730931744	0.060118660341719234	0.8562416726356222	0.8654190401375376	0.8948324563690632	1.0	90.29877342482776	0.0	15.20718534976999	0.929746539971479	0.8337877985014985	0.8847872353313883	0.8340875770579836	0.8104181224758096	0.8263853961761441	0.9584141293946375	10.245861244106946	0.06599288234350019	0.06594774144661504	0.06638046339167762	0.0	13.66807349621882	0.8308334100771672	0.8431116174721278	0.8361677183562473	0.946199315711344	0.9471675072658595	0.8455187743971555	0.972702541512997	0.8482279685861079	0.836835180956332	1.8244940778084746	0.09810725636878201	0.10759457557094304	0.9683497253310439	1.0092870988157991	0.9682394026924706	2.4547578268731884	2.3453197025708383	0.825332905975112	0.8779311365566679	0.8766956400972623	0.877772981394506	57.58400947432103	0.11893817443576589	0.8300903837121764	1.4057673242445166	0.8353637004343218	0.8301623344550721	0.8059225911853548	0.8283296299525823	0.8969450649126004	1.0676011664248386	0.18615779615702155	0.13886569437478624	64.92572536269296	1.5979127510855096	0.8858233018076014	0.8199837792603305	1.0886707441865893	0.0	3.1974195341720573	0.9538566570162457	0.868675746042881	0.8473251588606908	10.141007723584506
0.0004370923852222869	0.0004083974805142904	0.0004914295239391867	0.0005314773163397007	0.0005521001117104484	0.00059318481658076	0.0006489529244154967	0.0006732091076474507	0.009588278346527396	0.00969288225812364	0.010023243201162045	0.011196833093086314	1.0	0.0	0.16967545536127734	0.010412833599029898	0.009336873508365526	0.009904684409731133	0.009340907502464565	0.009073716315774805	0.009250868532061775	0.010718965631322542	0.11457497938920462	0.0007388736964725137	0.0007383364830578531	0.0007433010262422377	0.0	0.15294361696803244	0.00930254094240606	0.009442254530057025	0.009364118577999285	0.010598357571837816	0.010613378079313101	0.009472788294150165	0.01090006284444252	0.009500063674600167	0.009371809145238063	0.02041293314442088	0.0010985588505832528	0.0012046281503716632	0.010833290453802966	0.01129570758355868	0.010836749726004302	0.027453694246596452	0.026252084975556745	0.009238513322760024	0.00982978108914374	0.009814525740486097	0.009820183131303147	0.6438058159362533	0.0013311996339026386	0.009293103206246576	0.015737891215486043	0.009356321016184357	0.00929767988928962	0.009023289001228427	0.009276483113889261	0.010048424944560522	0.011948951079044647	0.002082850334771103	0.0015542728656218134	0.7247108312634067	0.017894735978229232	0.009924235745580339	0.00918118402204437	0.012181645788067127	0.0	0.035775190169916794	0.010673745030377888	0.00972056540336538	0.009479343967678898	0.11339951491261194
0.0	0.0	0.0	0.0	0.0	0.0	0.0	0.0	0.0	0.0	0.0	0.0	0.0	0.0	0.0	0.0	0.0	0.0	0.0	0.0	0.0	0.0	0.0	0.0	0.0	0.0	0.0	0.0	0.0	0.0	0.0	0.0	0.0	0.0	0.0	0.0	0.0	0.0	0.0	0.0	0.0	0.0	0.0	0.0	0.0	0.0	0.0	0.0	0.0	0.0	0.0	0.0	0.0	0.0	0.0	0.0	0.0	0.0	0.0	0.0	0.0	0.0	0.0	0.0	0.0	0.0	0.0	0.0	0.0	0.0	0.0	0.0
0.002602268198822833	0.0024314523613891757	0.0029259010463625087	0.003164718941833323	0.0032870609653065956	0.003531899680507809	0.0038637693215654283	0.004007714372995751	0.05708043177422895	0.05771310144476817	0.05968534073540563	0.06667456637029923	5.995193686694853	0.0	1.0	0.0619982727479257	0.055576291239397224	0.05895828946291915	0.055608434476752226	0.05401584156693322	0.055068189267725415	0.0638175434653639	0.6823030531655062	0.004398646663209161	0.0043949924273591215	0.004425740187005053	0.0	0.9097625833736296	0.05538465766682392	0.05621323420654183	0.05575469676883693	0.06312462049959909	0.06323075042063192	0.056413530970753384	0.06494522459405687	0.05656624725375814	0.055795301996991294	0.12147868882560534	0.006540840428899094	0.007171172018178893	0.06449816784964287	0.06725424781501287	0.06451975086877963	0.16337939811053273	0.15624049972302148	0.05498920943865412	0.058543042137682945	0.058428311103114576	0.05844480117294735	3.834774905496017	0.00792673132585742	0.05530008078853785	0.09369805429053536	0.05571111999705194	0.055351744829161616	0.05370193299054343	0.0552212123344435	0.05984209788828869	0.07111517470237938	0.012405701171847357	0.00925172294181319	4.296568474666013	0.10649118658789905	0.05911123243493082	0.054654018632893625	0.0725126689224657	0.0	0.21293481616344734	0.06353653878707231	0.057876875889838655	0.05643641795745001	0.6754053619169462
0.04199869651509442	0.03923194968779177	0.047203074391635375	0.051035945411797616	0.05303096328692161	0.05697450062935961	0.06234384140960682	0.06466864796381835	0.9209920354980382	0.9307567801617735	0.9623254088006548	1.0759222780720998	97.17602292202926	0.0	16.361991358475603	1.0	0.8968816972181949	0.9520218495639414	0.8971812344104133	0.8718840269302806	0.8891511367011331	1.031920210243852	11.03187437267065	0.07099674594778949	0.07094716432692234	0.07140914975060814	0.0	14.705076139884378	0.8938446571383685	0.9068607032342919	0.8994786234584856	1.0176424493547211	1.018438568228956	0.9092893170338385	1.045886603573725	0.9123171824888313	0.9000603154628786	1.9636458192816133	0.10553946994440742	0.11575774372913213	1.0422514950175341	1.0861282992544563	1.0419314017589527	2.641510999605754	2.5235065099433758	0.8880212705299183	0.9444612204962597	0.9432222194277435	0.9447990157409164	62.005470940349916	0.12799725164600326	0.8929595976173734	1.5124451234130485	0.8985000127147625	0.892870723744773	0.8670076175367546	0.8909818419596409	0.9645718362511237	1.1485948210620942	0.2003828411098534	0.1494222082804313	69.85988378260485	1.7185207526451238	0.9525655846287975	0.8822226457949922	1.1717377080673341	0.0	3.441441574321852	1.0266094390224176	0.9349734613898278	0.9121041725082742	10.920258872683647
0.04682836064881567	0.043744979219372364	0.052633494696388616	0.05690986893424124	0.059132027359316545	0.06352972374166543	0.06951506210904967	0.07210749861156372	1.0269417644112908	1.0378829006895274	1.07310082724415	1.1996447932754861	108.335720383906	0.0	18.237838787320502	1.115105658717871	1.0	1.0614520636866893	1.0004011054866893	0.9721323042351188	0.9913524406086625	1.1503513151176745	12.297988908604324	0.07916086146796701	0.07910541958042573	0.0796226293930476	0.0	16.39516601059565	0.9966266012050305	1.0111984086849088	1.002947734080717	1.1347857680311673	1.1357787019280472	1.0139866061147538	1.166397618601289	1.0173083726844343	1.0036292871136614	2.1891615045373647	0.11767873267898026	0.12906781661703676	1.1619433118876075	1.2109228891562063	1.1616545927362183	2.944981359909045	2.8135736392725885	0.9900953226980943	1.053080913577371	1.0516690551681562	1.0532872727028364	69.12137315267287	0.14270540554019712	0.9956500893643394	1.686349407307188	1.001898013270342	0.9956206177671739	0.9666976557172298	0.9934866047514307	1.0756405861587195	1.280643653310653	0.22339420417934971	0.16659405811661845	77.87193190476522	1.91633386548587	1.0622693341614542	0.9836569690482031	1.3063251285104895	0.0	3.836728117387608	1.1445314791000485	1.0423613390575197	1.016842608887718	12.173295402884136
0.04412888918677457	0.041230339264317246	0.0496110029113723	0.05365192487566919	0.0557381102371912	0.05988247684179306	0.06551816813727111	0.06796514260808881	0.9680288951568842	0.9784987219302727	1.0118412623578346	1.130479538299286	102.05907994331831	0.0	17.18367056403887	1.0511259956377126	0.9425998101705	1.0	0.942964394323373	0.9160508316854159	0.9340739103482948	1.0828940443369466	11.576929275016223	0.07459848191996808	0.07454891169449114	0.07504184704406582	0.0	15.45154354735657	0.9391874584556308	0.9531933489709771	0.9452536242369414	1.0698867877010851	1.0711804333712767	0.9560469627612189	1.100064110592159	0.9590243040142699	0.9461434458997303	2.0618314791103196	0.11090808712907707	0.1216210640752599	1.094404467707236	1.1407003220421863	1.0943530511089155	2.7743639879491075	2.6509600979556107	0.9328995675198425	0.9925229676196475	0.9909892250417479	0.991912188290837	65.06415155268066	0.1344251271209905	0.9383851794004487	1.5890251995276	0.9444670066339509	0.9385884296283794	0.9110085178307226	0.9364665009774789	1.0142432213596262	1.2068004107528325	0.21038850159799993	0.15695567653256284	73.390465305014	1.8067046458753153	1.0017305616339638	0.9268704127151131	1.2302761965148101	0.0	3.613387338191652	1.0779493439216012	0.9816886958031146	0.9574874921546006	11.457966821032299
0.04681273016520851	0.04372963060116604	0.05261490119826096	0.056888157989785734	0.05911105122177932	0.06350672532055242	0.06949116059344874	0.07208271722652346	1.0265952478197193	1.0374905826133831	1.0726887296349685	1.1992472943003898	108.30825744103022	0.0	18.234840500366197	1.1147074250329005	0.9997098966832254	1.061129528713564	1.0	0.9718156480950871	0.9910538095420982	1.1500865759928354	12.295091335502475	0.07913460715419612	0.07907948710219298	0.07959542377083612	0.0	16.390370520381296	0.9963058865864193	1.0108375961233602	1.0025927977655573	1.1343392969075545	1.1352597310921766	1.0135713787935179	1.1658596977881932	1.0169291582536122	1.003261579264529	2.1886023325922346	0.11763827781501081	0.12902539364546634	1.1616635735918233	1.2105812660722808	1.1613291075393946	2.944138951530797	2.812719386402926	0.9897932547751421	1.0527340485182122	1.0513398958192217	1.0530291344976428	69.10641166928099	0.1426637159608948	0.9953188314854347	1.685809167104815	1.001526010106821	0.9952482921624141	0.9663885781976729	0.9931335793759843	1.0752015590282882	1.2802479977862367	0.22333978132774665	0.16654533870871652	77.85480381723077	1.9155593866151612	1.0618107781544408	0.9833381395253844	1.3059659668690897	0.0	3.8357193093966946	1.1442089082317504	1.0420742618630277	1.0165789400644165	12.170579357974118
0.048174853329102096	0.045007430987175544	0.05415452170795645	0.05856137687996713	0.060842195398023304	0.06536614676788777	0.07152130694658532	0.07419037995930382	1.0566533902513087	1.0680149591375125	1.1043588750549909	1.2341465669037555	111.4342091635155	0.0	18.76240415385856	1.1473612086333749	1.0289302625836603	1.0918258681538844	1.0293061333806721	1.0	1.019777716126336	1.1827382435276483	12.644531339136991	0.08143756704043675	0.08138239294888655	0.08191837462697388	0.0	16.86850516747193	1.0252987239020708	1.040465704170991	1.0318540878167721	1.1677710675746817	1.1690358589960559	1.0434731606351981	1.2005482454436716	1.0467965325713304	1.0327335618395697	2.2514025229043004	0.12107166496876882	0.13277418433523336	1.195040106277937	1.2454799484047294	1.194855892770192	3.029174503184322	2.894215904747138	1.0184892557201517	1.0834782683547735	1.0818740998624032	1.0831667690965536	71.06912319822129	0.14677615917246215	1.0243721703314324	1.7347881638546998	1.030915068683556	1.0244847763463727	0.9945091173661176	1.0222084000235334	1.1069791757154794	1.317481164147065	0.22974791298094563	0.17136220018362958	80.12768847289131	1.9719975206528897	1.0932922613582303	1.0118844145906205	1.3434204726002101	0.0	3.9457698700024304	1.1770614853367631	1.071959948786934	1.045628948662233	12.515258587098414
0.047244585055409294	0.044140177963167895	0.0531115930042703	0.05743578914815414	0.05967066711177443	0.0641077433788212	0.07014184898029287	0.07276104249542176	1.0363282341985425	1.0474978572019007	1.083165136042346	1.210291035560633	109.26256133360822	0.0	18.39718600432162	1.1252958104033988	1.0091095718159784	1.0706919461103048	1.0095026797869526	0.9807426635848067	1.0	1.159530006160028	12.396167368583566	0.07986535447980013	0.07981126590801381	0.08033825715329991	0.0	16.541540756632124	1.0054939552597248	1.020439944231251	1.011978416810036	1.1453233870610675	1.1466504602728378	1.0234556280536298	1.1775719166556982	1.0266716295590002	1.0128691812703499	2.2075855135536737	0.11873598447636216	0.13020950205289067	1.171735964460913	1.2213074329705478	1.1716643601459313	2.970226190829438	2.8381547185856544	0.9987790045364394	1.0625522551521835	1.0609611308522158	1.0620471707975678	69.66987678857028	0.14392508849772256	1.0046188885360512	1.7012444552176813	1.0110877386780222	1.0047950565734143	0.9753207960502996	1.0025389878614008	1.0857425781312102	1.2920021381161526	0.22525837811292093	0.16804214431178932	78.56350134125947	1.9341045603448859	1.0723312340046385	0.9923254134379836	1.3172656736713948	0.0	3.8688699869230088	1.15416056330422	1.051098219524137	1.0252103641112498	12.269139383602706
0.04084353638387848	0.038173424454500754	0.045938344808179384	0.0496969668984324	0.051614188744921685	0.0554509673394516	0.06065680329980104	0.06292986572339976	0.8964631680587831	0.9064264232666135	0.9375346078015013	1.0462475162113258	94.3675328361819	0.0	15.897261733617283	0.9734391842998305	0.8727946924725329	0.9252137348169768	0.8731950022622591	0.8478302427764575	0.8642800708390813	1.0	10.690731810057777	0.0690466237578757	0.06900412185133431	0.06947038968420897	0.0	14.300876954884322	0.8692682294355779	0.8827392439167416	0.875144467355912	0.9910952353479724	0.9929059870612766	0.8857872364007512	1.0197174122053314	0.8882546321990261	0.8763244101730093	1.9061258199105495	0.10267293756149375	0.11255727323232584	1.011735587638499	1.055005240546964	1.0122276299777773	2.5658083168261414	2.4527818687811638	0.8632006361825131	0.9187932374329962	0.9170974048535865	0.9168207134276245	60.07505756312089	0.12431350519133146	0.8687434208200091	1.4705214832142224	0.8747312093046501	0.8693731765550625	0.8432653824177999	0.8672114897768969	0.9397612572563896	1.1168408443398847	0.19445250898199062	0.14520277237803172	67.90352691956318	1.6736581123798644	0.928325998916578	0.8577348064563017	1.1372835162358406	0.0	3.340128797070857	0.9965776639953398	0.9075090007389908	0.8847838927092495	10.577422647868813
0.003822496387459583	0.0035725979230631227	0.004299276846855191	0.004650930193419645	0.004830418451852139	0.005189507633586506	0.005676684998695141	0.00588948134321636	0.08389721952365027	0.08482803160714672	0.08773895404028223	0.09791553761370342	8.830455797856713	0.0	1.4879485074290997	0.09110257024648107	0.08168364078185908	0.08659067891700409	0.08172075107015674	0.07934924848613835	0.08088752106956337	0.09359074483382383	1.0	0.006462026630496352	0.006458026491029025	0.006501559457276598	0.0	1.338257816666882	0.08135212522532138	0.08261332976615313	0.08190402976543842	0.09274837337934456	0.09291726493207199	0.08289825695116593	0.09542578201431895	0.08312984881535711	0.08201270139615	0.1783947299567323	0.009608883582396257	0.010534031223358	0.09468263178118269	0.09873772460270067	0.09473208837704439	0.24010594743617933	0.2295547649469075	0.0807849825741864	0.08598446611506479	0.08582902412918045	0.08580605366135766	5.621830296159891	0.011634194754104878	0.08130320782854067	0.13762456756911362	0.08186289612112035	0.08136321410858867	0.0789224702056184	0.08116088347991482	0.08794569231266071	0.10452192219759161	0.018197204598697326	0.01358949083508907	6.354030478089771	0.15663349919475952	0.0868741225909367	0.0802765082005994	0.10643682400426951	0.0	0.3125950141174043	0.09327038006143294	0.08493305292571389	0.08280440631569701	0.989836461142304
0.5915574529450037	0.5526493265069904	0.6649623774123867	0.719046229666171	0.7470734614188151	0.802625779829428	0.8782092272494314	0.9109849166685041	12.97464204696022	13.113688668501931	13.559555456763334	15.154357156575731	1368.3255189090894	0.0	230.39250745509335	14.088431910565289	12.634377787329898	13.407461318465302	12.63891744058996	12.280261500322798	12.522517755622346	14.524571534487341	155.2776972182994	1.0	0.9993211537618228	1.0058862607879493	0.0	207.12169024452228	12.589949689947819	12.775699923115235	12.670491862423198	14.338114810853842	14.35268487359657	12.812139510300113	14.739611706476358	12.853278373505391	12.680523069797232	27.647670038834487	1.4866516456616425	1.6304077650962434	14.674821692783485	15.294476631763857	14.67261763422881	37.196331164102446	35.53983800423829	12.506645734952198	13.30389451871343	13.284900649755945	13.301633414712471	872.7112111698765	1.8023871043107753	12.578375084952576	21.30210765343467	12.65837206337455	12.579357636315242	12.212104739689806	12.55171121906234	13.591493090419428	16.177579062637378	2.8212282968750078	2.1042924197772677	983.7875290179153	24.212881355443418	13.423104634619268	12.425523037518914	16.497485976664517	0.0	48.453837009495366	14.454536750293585	13.163974825582981	12.840595254442452	153.69249681843093
0.5919667481784957	0.5530255167863997	0.6654114698007065	0.7195227450690576	0.7475750547070261	0.803168759478765	0.8788049746446787	0.9116000125535819	12.983304291643298	13.122341917915488	13.56827240900491	15.164821493457097	1369.21389016765	0.0	230.5238795088784	14.097958842603862	12.64289529079648	13.416982630657708	12.647487006452618	12.28882181779827	12.531250212878476	14.535600885193242	155.3950782239172	1.0006957228203275	1.0	1.0065735023139857	0.0	207.25501291528053	12.598674307272761	12.784250959678749	12.679221234459	14.347543089346308	14.361906251043235	12.820620137398869	14.749073471599726	12.861858520499878	12.688948677341072	27.667708026564476	1.4876659881610435	1.6315428613774616	14.68523309581367	15.305449664162449	14.682943850344312	37.222356995204194	35.5645343054074	12.515326364962002	13.312871611244585	13.29412283437571	13.311379640385335	873.375890106997	1.8036824829498537	12.586850428922027	21.31705634608072	12.666884947455705	12.587706600146126	12.22048796941212	12.560163315499427	13.60041388563331	16.18867784541324	2.8232534038378505	2.1057691603787667	984.3477740833864	24.228700673137123	13.431793550112173	12.43421360787936	16.50956974362106	0.0	48.48912993718839	14.465085989085729	13.173573304582042	12.85012258673607	153.80913688138895
0.5881187840257772	0.5494132534048587	0.6610569383970597	0.7147838247546239	0.7426801685204836	0.7979076305133571	0.8730645894150088	0.9056443601173075	12.898289020962714	13.035948660501644	13.4785635915631	15.066157685703882	1360.516613626535	0.0	229.09723851926563	14.00553872206097	12.560347501445653	13.330356019283352	12.56473534913917	12.209164510295688	12.450229137021552	14.443783972491364	154.4111522836215	0.9941929460928997	0.9935056125218709	1.0	0.0	205.9147346032931	12.516707241639992	12.70045805929447	12.596415457156358	14.252719077107601	14.265855906124424	12.735798975583274	14.650359595188252	12.777301428368213	12.605597430153379	27.491231388886135	1.4779582124158597	1.6209583928755655	14.591231213432126	15.206996177641104	14.588424495072191	36.98313646804207	35.3350102822614	12.434442750154933	13.225871431993337	13.207893181894452	13.226660437774077	867.839403646126	1.792070003692196	12.504926808555682	21.17870225170899	12.583662618069797	12.505052641927959	12.141216257116952	12.477991354752621	13.510235172835456	16.083793715751597	2.8051546379146393	2.092196006940448	978.128046925385	24.06930301654222	13.342397980273672	12.353589444156633	16.40414998158229	0.0	48.17905176379988	14.372646595814484	13.089335239382176	12.768354895695488	152.8382413619353
0.0	0.0	0.0	0.0	0.0	0.0	0.0	0.0	0.0	0.0	0.0	0.0	0.0	0.0	0.0	0.0	0.0	0.0	0.0	0.0	0.0	0.0	0.0	0.0	0.0	0.0	0.0	0.0	0.0	0.0	0.0	0.0	0.0	0.0	0.0	0.0	0.0	0.0	0.0	0.0	0.0	0.0	0.0	0.0	0.0	0.0	0.0	0.0	0.0	0.0	0.0	0.0	0.0	0.0	0.0	0.0	0.0	0.0	0.0	0.0	0.0	0.0	0.0	0.0	0.0	0.0	0.0	0.0	0.0	0.0	0.0	0.0
0.0028594524296408704	0.0026713087342161213	0.0032141803933580476	0.0034754585386348466	0.0036109373212607505	0.0038796088811465165	0.0042448016857637855	0.004403235675754269	0.0627124886875287	0.06338232187686901	0.06553423910945731	0.07324953568331433	6.61015024777358	0.0	1.1124467482716047	0.06810004551184738	0.061068304856338594	0.06481035243502097	0.06109259491022109	0.059362908894652754	0.060529298188340706	0.07020692134355029	0.7504706494079976	0.004833725175156245	0.00483019065114642	0.004862083823527048	0.0	1.0	0.060854440406601415	0.06175211747731199	0.06124976014748844	0.06929922248994765	0.06937159476614936	0.0619316146022969	0.07124381844425083	0.06212726068442353	0.06128919115135422	0.13363730239625649	0.007185846667043713	0.007881077673735	0.07092167553266522	0.07392811166892536	0.07091852227141034	0.17974292370052997	0.1717751069784818	0.060448753797927926	0.06430065844214851	0.06421339382443936	0.06429436292871793	4.218441276359746	0.008712430563992868	0.0607927941264894	0.10296570403156258	0.06118512471557633	0.06080151852148985	0.05902875537845466	0.06066792794162869	0.06569328858044585	0.07818713804048581	0.013635309817784212	0.010171137659245624	4.749578586033818	0.11702608340936392	0.06487724562339746	0.060062211058694435	0.07974232902995121	0.0	0.23419877066323003	0.06987236501444362	0.06363236048297985	0.062066527373586165	0.7428777077268911
0.046989231181591824	0.04389885919357245	0.05282017377701076	0.05711613769612093	0.059342457910703035	0.06375530328683784	0.0697585582848087	0.07236256808554459	1.0306143715630587	1.0416664291216857	1.0770728872307749	1.2037451992469226	108.69239394986073	0.0	18.302629334224825	1.1190933604512032	1.0035891521590148	1.0649985587376214	1.0039596281570815	0.9754690063311275	0.9947016893888511	1.1537000428356825	12.333508112946243	0.0794335924273162	0.07937945052028939	0.07990031331791027	0.0	16.451892145768337	1.0	1.0148140175993454	1.006460418350694	1.138909859558745	1.1400840922032105	1.0177160107448278	1.1708189427231084	1.020972716925963	1.0072663049199129	2.196139070168119	0.11808904192282281	0.1295084118280915	1.1656156640008257	1.2148709617622608	1.165460434802975	2.9545254528134794	2.8230384366427286	0.9934380816224889	1.0567446045764828	1.0552508247077033	1.0565812333208153	69.3160053009863	0.14316644152567987	0.9991370785188483	1.6920738684005037	1.0055004172973945	0.9992326229546173	0.9700573582506588	0.9970272170949839	1.0796134520377596	1.2850314241854675	0.22408440221780007	0.16715003697184824	78.1426215154074	1.9233451654880718	1.0662419956739104	0.9869985502366521	1.3104383886440378	0.0	3.848722040361141	1.1481607986618982	1.0456391511736813	1.019939606833803	12.207397865794672
0.04631466358832038	0.04326337974860657	0.05205344675754436	0.056279695427528226	0.05847984929827999	0.06282899296373985	0.06874982814028281	0.07131353380796694	1.015621310897185	1.0263924948145116	1.0611875833133102	1.1864834506029955	107.15845305644261	0.0	18.041421114918748	1.1028106083117277	0.9890445776539064	1.0498647287584442	0.9893751998375373	0.961493897086023	0.9805201864455332	1.1379631367457756	12.16543659907337	0.07829261497267777	0.078237404712335	0.07874694787639082	0.0	16.215553392265406	0.9856947639407031	1.0	0.9919233803812996	1.1221906307058769	1.12307082818777	1.002727645521741	1.1533345626102445	1.0060584806354576	0.9925337704025103	2.1654409773679713	0.11638433424024616	0.12765393756131807	1.149331134580666	1.1977503162845742	1.1489969885843523	2.912916212408248	2.7828162416886353	0.9792695552136553	1.0414983460967027	1.0401541787786235	1.0418933532320114	68.37670665141253	0.1411510573018169	0.984708486935168	1.6678813610138152	0.9908296722086574	0.9846193968687247	0.9561048926318025	0.9825314171608247	1.0636729380564802	1.2666044482608212	0.22096921976430012	0.16477715816036617	77.02389785974205	1.8950678719952414	1.050422855525797	0.9728842002221703	1.2921577688946047	0.0	3.795063370803687	1.1321253767046564	1.031056942128429	1.0058399940573461	12.042319975384993
0.04669255785947575	0.043619429420254305	0.05248292352107231	0.05674868641566838	0.05896352067950276	0.06334790811930066	0.06931583426540862	0.07190188837513013	1.0240304840890062	1.0349595072755158	1.0701104029583512	1.1961717224788602	108.02983525393512	0.0	18.190147642021913	1.111922752439992	0.9971975672305659	1.0583381339632427	0.9975338537625886	0.9693053902604926	0.9884711310137302	1.146836041125459	12.260490282069059	0.07893198998131046	0.07887787560638523	0.07939346095594764	0.0	16.349638674974152	0.9937476130433044	1.0083273678234408	1.0	1.1315794232658953	1.1326204766523762	1.0111157177774233	1.1631489733228382	1.0144250984888736	1.0007965817535152	2.1826749198482305	0.11734006691779073	0.1286924403776775	1.1585377040781069	1.2073590423823657	1.1582672866582606	2.936345312064383	2.8054144186536925	0.9872281819951672	1.050077876003843	1.0486259848846078	1.0501513051615077	68.91182116985726	0.14228273933936778	0.9928086949081292	1.681456763755711	0.9990490182991578	0.9928026133743325	0.963922089458883	0.9906549286861661	1.0726152342488247	1.2769787094963174	0.22273213859476265	0.1661091812816402	77.66983409113652	1.9109221196980304	1.059304278538636	0.9807871164003844	1.3024221643485931	0.0	3.825277178436985	1.14111635042634	1.0392475504972978	1.013778920205893	12.135765016892794
0.04128468899209334	0.03856188751021762	0.0463954447926439	0.05015704941642552	0.052122507000751044	0.05599887732720966	0.061278346910121746	0.06356327766735716	0.9052229424145654	0.9147292451036683	0.9456740862107237	1.0576059314359703	95.53249185766467	0.0	16.088773496273596	0.9829263503599632	0.8815735005410532	0.9359528662347654	0.8818362939277733	0.8571190533884727	0.8741005954910976	1.0147754583680082	10.847795838775234	0.06978995255184128	0.06973990935665639	0.070190337167085	0.0	14.453412399160635	0.8786386699727459	0.8913168123342727	0.8841520400460317	1.0	1.0006259295003774	0.8935796613144211	1.0275859339501803	0.8966419590492674	0.8845880747620222	1.930749012680121	0.10373810848707625	0.11379362945252522	1.0247129193593376	1.067843621510565	1.0243654977551242	2.596692546518153	2.4808273838821373	0.8729870411172024	0.9282902682024494	0.9272230950762351	0.9290160204481359	60.968449384832894	0.12583966613238276	0.8777318427512949	1.48679125843261	0.8830801260895761	0.8775359521649877	0.852292920549434	0.8757399596207236	0.9478516396447446	1.1290682851346592	0.19700789356591183	0.14689872594781128	68.66397494569424	1.6888921601073987	0.9359813206124611	0.8672578901538509	1.1521045824835763	0.0	3.383685626726877	1.0094171720065899	0.9193033833127044	0.8968685970585437	10.738529536889791
0.04129376825258868	0.038564909744361296	0.04639707854840281	0.05014999434992859	0.052123310548096345	0.055999383029636744	0.06128419455775379	0.06356761954346253	0.9052554556116611	0.9145930856167225	0.9454433877386624	1.057846891266702	95.58989970894751	0.0	16.09932808398942	0.9829158052938304	0.8816437510750432	0.9363345179994121	0.8818518616958957	0.8573628535728046	0.874414971306943	1.0158089103192056	10.858811149118994	0.06980526118792009	0.06975415102550839	0.07019931629215577	0.0	14.456964466475084	0.8788463018005153	0.8913095004854039	0.8842621725562324	0.9998363838168562	1.0	0.893341727592924	1.026972416515011	0.8965571548996175	0.8845012110859976	1.932079801589172	0.10375102820706485	0.11382438968121295	1.025426442683531	1.0684391418877162	1.024899577101022	2.5980894127629437	2.481816573767882	0.8733076942395304	0.9283965566501775	0.9274997390213249	0.9297400859926336	61.03567436838888	0.12590633712926996	0.8778640463452352	1.4872179506070216	0.8830189104981145	0.877462827487116	0.8524966857708445	0.8757688938285387	0.9475284770252511	1.1293716053122205	0.1971516803243663	0.14696366866513827	68.6944265420191	1.6885548249954299	0.9355828587722195	0.867528852584695	1.1529083998845506	0.0	3.3860678796250028	1.0101038829336317	0.9199530591568027	0.8976062413375373	10.750580832261639
0.04620696771419081	0.04315849217867934	0.051925552854198705	0.05613442741272188	0.058335459911109125	0.06267348869575634	0.06858410224429118	0.07114030351966151	1.0131210007390417	1.0237346748056801	1.05836703284062	1.183728901127814	106.94996552259711	0.0	18.00848872755052	1.1000576481189777	0.9866528253523201	1.0475694171130527	0.9869313199340823	0.9592948173895791	0.9783400735255958	1.1359893413634188	12.144295880422584	0.07811060710402908	0.0780549382809592	0.07855854187636897	0.0	16.178672195160836	0.9834115236986481	0.9975531017307891	0.9895328563350837	1.1192343196622418	1.1198199855598132	1.0	1.1499893183204122	1.0035024835907898	0.990008460462258	2.1611566135459177	0.11610596932254869	0.12736149797410246	1.147064276522125	1.1952483550763993	1.1465864551680498	2.906731662471072	2.7767372011947966	0.9771059905399708	1.0390020342260933	1.0377965921743022	1.03990052907832	68.25920551341105	0.14085449030282238	0.9823760929138955	1.664082372042329	0.9883196679117524	0.9821124061702357	0.9538950650908328	0.9801151693491746	1.0607837479002968	1.2637314161922102	0.22053863979689622	0.1644208910020253	76.86428902012297	1.8901378329912253	1.0475062118588174	0.9706776568129857	1.2896041822799993	0.0	3.7876324435867263	1.1298660799608948	1.0290214014175185	1.0039481203794123	12.022174374865378
0.040212781257499865	0.03755519875279762	0.045182221939268685	0.048836465064180705	0.050758438239638715	0.054533053905568236	0.05967970639287045	0.061903188956578925	0.8815497471218599	0.8906376716779685	0.9206787240412064	1.0301560697365995	93.09047888895833	0.0	15.679652473893496	0.9571787018724763	0.8585647428594628	0.9118288199491988	0.8587638193440271	0.8349173147913856	0.851531818221023	0.9892571526257575	10.574928396871265	0.0679779349666921	0.06792811766238956	0.06836128261308388	0.0	14.078907285591294	0.8558399887778387	0.8679677211511345	0.8611106692740309	0.9736487311445262	0.9738357781283388	0.8699417067165646	1.0	0.8730768643935193	0.8613371682274762	1.8815576201517108	0.10103481629225497	0.11084512760590534	0.9986016093352965	1.0404805979544496	0.9980822491665176	2.5300615465401264	2.416898200746059	0.8504543957193523	0.9040850945764402	0.903219805082835	0.9054283266938411	59.43715605704074	0.12261150804609676	0.8548871183573085	1.4482896575983912	0.8598920860376618	0.8544772009648856	0.8301801789174248	0.8528387991777118	0.9227116252147967	1.0998229744518906	0.1919936312144967	0.14311804459551472	66.89847631178134	1.6443269499115778	0.9110661359062239	0.8448212708184406	1.1227571124674451	0.0	3.297555070795155	0.9836790620393215	0.8958855675120675	0.8741317307182641	10.46968002841582
0.04604102461714825	0.04300644367437343	0.051743852147433954	0.05594267898165864	0.05813181506353959	0.062454881975854054	0.06834169635008025	0.0708898842078196	1.0095816153707662	1.020244235325867	1.0548067571982827	1.179469994059261	106.53078929910033	0.0	17.93766951842083	1.096235966750757	0.9831729899994125	1.043708887817519	0.9834858791667581	0.955825604069363	0.974761275247563	1.1314362282652901	12.09571550744594	0.0778301218433398	0.077775097506054	0.07828008598914535	0.0	16.11978082888195	0.9798687279055823	0.9940793989361498	0.9860394570304492	1.1154530511437935	1.116230402826672	0.9966968930787712	1.146308126788735	1.0	0.986600478369951	2.152854918757759	0.11569443281845265	0.12690122149101163	1.1426491891350399	1.190760929080965	1.1422924099546907	2.8958607708419337	2.766480415235423	0.9735114891538259	1.0353128986931484	1.0340174603914043	1.035858975786903	67.98517409236395	0.14032625075136484	0.978872890745407	1.658029738518999	0.9849102253666907	0.9787320306473397	0.9504633647608712	0.9766860996332096	1.0572580415509358	1.2591364497035562	0.2196878032866841	0.16381164968822493	76.57321068026268	1.8837122509802697	1.0440609073834253	0.9671512934798024	1.2846546716064215	0.0	3.7730277076360643	1.1255393629960102	1.0250692395289431	1.000026347913689	11.973494578987781
0.046668960329784355	0.04359278046238208	0.05244930349967051	0.05670517229226854	0.058924134195918146	0.06330634923987033	0.0692733812799251	0.07185617118838318	1.0233443928041037	1.0341468830227845	1.0691771487073194	1.1955603068516385	107.97642802853913	0.0	18.179598301930877	1.1111872070534516	0.9965704612732469	1.0579468490250197	0.9968942000443154	0.9688620310830555	0.9880461171933634	1.1468682445477634	12.260593772129894	0.07889114788251786	0.0788351374527893	0.07934744716780172	0.0	16.33873821309824	0.9932429314636589	1.0076287559701482	0.9994878055204063	1.1306568069894545	1.1314401830136447	1.010278302416657	1.1619287292416316	1.0136749610615245	1.0	2.182193273259383	0.11727189991875435	0.12863133096486357	1.1582268142408558	1.2069981532291953	1.1578595981773128	2.935216682439214	2.8041984248254437	0.9867860943199894	1.0494292734115331	1.048123764656481	1.0499842175439755	68.90981512466722	0.1422404413989586	0.9922116778415427	1.6806562147375868	0.9983403514917146	0.9920691659513289	0.9634210124000695	0.9900036352668434	1.0716637751884146	1.276282257828574	0.22268322545784242	0.1660450043948187	77.60923383194098	1.9093483083485798	1.0582841656384263	0.9803384038716346	1.3021732500708525	0.0	3.8244979741488074	1.140897085144413	1.039058851583864	1.013670638636243	12.13684619534129
0.02141642178733814	0.020012421061199142	0.02408149120284551	0.02604684616672672	0.027056066642912466	0.029067723903772897	0.031800564172668126	0.03298956627125341	0.46990532213211667	0.47505293097413304	0.49128506825469664	0.5486308862787537	49.50288387756616	0.0	8.334789608801163	0.5102522107078895	0.4575284206757913	0.4852508609901621	0.45772756963137945	0.44456193594066434	0.4532601136549902	0.5250571071586816	5.61322721651605	0.03620389723417322	0.036180363588501435	0.03642252856674426	0.0	7.498385023967891	0.4558028727428437	0.4627092040121682	0.4588032614497358	0.5194294343754359	0.5202069145797196	0.46419303614635327	0.5342475770735668	0.4655645939601462	0.45930464288552175	1.0	0.053830575878692895	0.05902229153764141	0.5308597827311017	0.5534300581635678	0.5309651524049399	1.34590101588645	1.2863422263661735	0.4526891422745879	0.4817256589644367	0.4809134832845816	0.48110019868290355	31.545035502668764	0.06521680731138794	0.45544687836231423	0.7711328464046293	0.45849345084429477	0.4556525552720265	0.4421321371642567	0.4545782721529859	0.4924632928889203	0.5856295650426482	0.10204699972984929	0.07615671416668053	35.60168546192119	0.8771367848456705	0.4864260180288579	0.4497928844693773	0.5967527898503336	0.0	1.7526694491345884	0.5228969323883496	0.4761920436304196	0.46437406758130223	5.554789633927226
0.3979290445162684	0.37174055215793406	0.44728041846043326	0.4836330064827249	0.5025075154818429	0.5398753784756817	0.5907274012684517	0.6127713006737555	8.727179260807844	8.820286555816576	9.119797099209391	10.193973891938656	920.5382130796033	0.0	155.00803776043216	9.476348004590488	8.498519260087326	9.019482492062025	8.501470295047191	8.260898975230877	8.423982870057586	9.772766603515228	104.47544874428839	0.6726841048895675	0.6722184333795751	0.6766160606755993	0.0	139.32313287275937	8.468984870574548	8.593307092402293	8.522925640270826	9.643594219370614	9.65245408207147	8.617227385849608	9.912644145097934	8.645307522953443	8.52912779338403	18.60087721689357	1.0	1.0967621751269856	9.872607531117843	10.289234465786013	9.870708305677232	25.022929388915372	23.90812552941121	8.41331195751264	8.948802669460061	8.936626013889464	8.949291473325399	587.186315067154	1.2125375717055533	8.460993807655486	14.329743819624715	8.514299499900735	8.461082885692987	8.214901141320821	8.442775557462976	9.14120686506123	10.882476889097621	1.8980056411482398	1.4156049881333048	661.7889783463971	16.285619222344714	9.027652898068194	8.358616188183863	11.099189043790286	0.0	32.59844407709866	9.724673419082473	8.856418762864939	8.639186790561974	103.41156497433848
0.362837329769836	0.33898184750863736	0.40787500130592	0.44106229629007687	0.45824336146498096	0.4923170246723574	0.5386711211915179	0.5587792010087507	7.958432359342367	8.043941249200046	8.317591973969641	9.295065324902957	839.2532599846679	0.0	141.30855212584598	8.641635322615327	7.749665994828632	8.22331666535354	7.752472388005863	7.532135151314281	7.6806430488567425	8.907497299039148	95.22606768371752	0.6133634105249569	0.6129473223462306	0.6169808981275029	0.0	127.04319198075667	7.7221709144385695	7.836457394626785	7.771683544221256	8.79506389678487	8.804454235525489	7.859078602418055	9.041835017331397	7.884129340580315	7.778169408325718	16.95668123633946	0.9118683789806207	1.0	9.000285594479529	9.38045454426285	8.999196576923529	22.81427175934144	21.798195594286753	7.670931322264594	8.16028455691372	8.148332678593402	8.157947855587372	535.2020662370786	1.1054461190645062	7.715226525683395	13.065735182657068	7.76450453693713	7.71610701256082	7.490453320313626	7.699008969172756	8.3372354553943	9.922710347637796	1.7302737416186615	1.2906455962695478	603.4486407420657	14.852311425785723	8.23410137169414	7.621217010694551	10.118079616893901	0.0	29.717098296307498	8.86510629257482	8.07353587944677	7.875039754715747	94.25299878207235
0.04034876269530677	0.037703322988394204	0.0453689104722808	0.049070221773650634	0.05097235232984069	0.05476295299096938	0.059910303755148116	0.06215137369464428	0.8852665907675685	0.89496119350291	0.9255039833572756	1.0335756325775636	93.2490416603151	0.0	15.706491656938484	0.9613124161831176	0.8619780017249029	0.9142474574292616	0.8623651340057499	0.8375945105422588	0.8539500876527459	0.9892252245733153	10.574853435150928	0.06820900776339375	0.06816362886990142	0.06861819669115017	0.0	14.125083670548507	0.8587069215556054	0.8717202971120108	0.8644073513211765	0.9785259102224614	0.9799896195921822	0.8745182933694118	1.00642724223917	0.8770968725348436	0.8653093170210718	1.8843153636781313	0.1014142790723929	0.11119974814427637	1.0	1.0426459048240204	1.0002789304168977	2.535542638484089	2.423445434982095	0.8528527801972012	0.9074842092110191	0.9060200654649164	0.9064326429541785	59.428038447285886	0.12286660112953557	0.8580507273218941	1.4528113590925167	0.8637831969747639	0.8584423401946853	0.833002005467154	0.8564199061600739	0.9277501200825944	1.1033134264444973	0.19223100037266305	0.14347992266069354	67.07085349867828	1.652505595636325	0.9163379524136339	0.84741887013317	1.1243400487036992	0.0	3.3020252417895306	0.9851804162261916	0.8971443675851715	0.874889332080979	10.464778915940585
0.03869414793057087	0.0361548374503197	0.043504736489506333	0.04705143008644689	0.04887803734856675	0.05251239749370378	0.057451856701486025	0.05959902383119849	0.8488862867028729	0.858124949947602	0.8873925159479089	0.9912292773841392	89.4648958794896	0.0	15.067345388843412	0.9217736068912948	0.8265681978555451	0.8768131697125756	0.8269058355223383	0.8032269190756995	0.8189874551316434	0.9491451366883601	10.14702276720658	0.06541141234200029	0.0653684244727077	0.06580226348687064	0.0	13.547894687757738	0.8235104744606886	0.835890448237893	0.8288876953704102	0.938269692896252	0.9395460975498252	0.8384756068445586	0.9648840557480516	0.8410278619647237	0.8297275615801666	1.8075283469739993	0.09725238833885821	0.10664025533837437	0.9593687297512811	1.0	0.9594206119448002	2.4322629959470827	2.32428854013885	0.8179495251661606	0.8702931384811073	0.8689078449070465	0.8695320187121476	57.02360131824995	0.11785035004605465	0.8228547022131653	1.3932765988106846	0.8282465986239395	0.8231158136787554	0.7988183396171771	0.8212048430095222	0.8895207066433705	1.0581468077278295	0.1844214378912055	0.13761180318210128	64.3469427726397	1.5844956817181624	0.8785744157160853	0.812693189065696	1.078517938935387	0.0	3.167579101333733	0.9449967882954398	0.8605750887810522	0.8393135301637391	10.042122829519833
0.040333185022887644	0.037685501891413335	0.04534617718812162	0.04904184429922409	0.05094650184658584	0.05473509050609812	0.05988385885575573	0.06212151471397234	0.8848080530633216	0.8944201542639016	0.9249016925916981	1.0332060131166272	93.25698554595614	0.0	15.705444000446548	0.9607862172511248	0.8615568895706579	0.913982201010054	0.861910236313463	0.8372631779496574	0.8536902065169293	0.9894676904102988	10.577888416607962	0.06818223937372693	0.06813650941508836	0.06858835245581321	0.0	14.12102228741417	0.8583831194158863	0.8712572314851591	0.8639976620077293	0.9779550685911703	0.9792464455777019	0.8739430412978401	1.0056577805210303	0.8766118422099934	0.8648264889528459	1.8842265164703673	0.10137015902419996	0.11115929069316746	1.000034189300244	1.0424468842101702	1.0	2.535298121905685	2.422745221108401	0.8526003183419125	0.90712184625574	0.9057094988762445	0.9064299341047014	59.4461073143565	0.12284772960555933	0.8576888702358152	1.4523044293001495	0.8632983374899199	0.857938579235055	0.8326427573772911	0.8559655574529363	0.9271362747899365	1.1029568023581402	0.19224060803175963	0.14344350530773825	67.07111781535612	1.6515264727834393	0.9157134420829931	0.8471283792739934	1.1242921294939885	0.0	3.3020157751266916	0.9850864911103389	0.897093058773523	0.8749399581777988	10.46862005194834
0.01595958787374987	0.014911834933304753	0.017943208628782598	0.01940510738251666	0.020158859608185732	0.02165787097059652	0.023695468838956065	0.02458096251539654	0.3501132344402201	0.3539040271201955	0.3659774834667032	0.40885833847069325	36.874121552064985	0.0	6.209070177738352	0.380190881744474	0.34091968402692796	0.36166170679436704	0.34105644015469516	0.33130638199273127	0.3377897322979666	0.39148084018229495	4.184700842488607	0.026978893748112725	0.026960702499552694	0.027139856502691028	0.0	5.58627247242975	0.33965155197813124	0.3447609595893534	0.34187915943165764	0.3869445481138205	0.38746473217653943	0.3458159601886966	0.39790708543212644	0.3468727519198258	0.3421970458598282	0.7454891302102087	0.04011080863373461	0.04398544703250579	0.395663915739226	0.41249115600611913	0.39572108358465413	1.0	0.9586161307242228	0.3373661054954718	0.3589294468240065	0.35838342042387555	0.3586465374107162	23.51797561284954	0.04860903151843116	0.3393566432122683	0.5746808642433174	0.34160025121686716	0.33947188687208574	0.3294603444973141	0.3386986620264708	0.36684689869708137	0.4363873296883407	0.07606239979337746	0.05675721786399988	26.50365699584516	0.6534221052644836	0.36230738476360363	0.3352043078618664	0.4448368619076165	0.0	1.3064194656776937	0.3897856519770688	0.35496791811427036	0.34617677923941	4.141788435360152
0.01664850605368281	0.015554635395848379	0.01871620818187209	0.020240159573295384	0.021027439855615643	0.022591184271008844	0.02471734856777824	0.025640289757026622	0.3651906550041087	0.3691363265265672	0.38170343909631166	0.4264879858209632	38.50070690991252	0.0	6.481562824806773	0.39654559817613955	0.355603360755224	0.3772975471772007	0.3557410950309586	0.3456033726918006	0.35239811668770704	0.40858683851141686	4.368078885444835	0.02814360291996307	0.02812447241229591	0.028310516194605968	0.0	5.82864651701822	0.3543242410954511	0.3595943342360268	0.3566167316773495	0.40360925761487987	0.4040928743735857	0.3606714941698965	0.41499491603800537	0.3617913857007638	0.3569292443099527	0.7779014379988036	0.04184156323259493	0.04588419816786088	0.41288402229824844	0.4303633560872647	0.41286521225089373	1.046613990637392	1.0	0.3519486609008636	0.37443457445306333	0.37386306728776975	0.37423818093782385	24.548137681405418	0.050716736287080684	0.35400936991146564	0.5994932207491092	0.3563023454645481	0.3540837018133431	0.3436881390802357	0.3532823405987979	0.3826169553767703	0.4552727379341791	0.07937550759621842	0.05921475665552317	27.6793890528148	0.6815641963955297	0.3778953833612995	0.34968439443777594	0.4641817115343669	0.0	1.3632670377336935	0.406696465769496	0.3703819442472358	0.36125524375117823	4.323335668982336
0.047305059573589894	0.044196410373404334	0.05317943376994055	0.057508821915721285	0.05974652515551741	0.06418960064211018	0.07023119447745367	0.07285355163953623	1.037635313956983	1.0488326479531533	1.0845277561068	1.2118294206598481	109.39539527194913	0.0	18.41808624544171	1.126729109560924	1.010397224500947	1.072070323952433	1.0107871467205543	0.9819990371244095	1.0013236234589993	1.1610311335683114	12.41197507280039	0.079967343896945	0.0799129241803106	0.08044081517736078	0.0	16.56160986643603	1.0067751090848263	1.021734591209261	1.0132806404058787	1.1467792102552712	1.1481164639937214	1.0247690425348353	1.1790781802124901	1.0279675519687181	1.0141543371312098	2.2104225784063	0.11888770367940389	0.13037618651446603	1.1732113721859647	1.2228674737088803	1.1731497508352962	2.9740577718321046	2.8417567571864093	1.0	1.0639024035640166	1.0623099002738423	1.0634124903237612	69.7588018427227	0.14410956651837734	1.0058831610494716	1.7034081449166782	1.0123745600186265	1.0060683440346394	0.9765598684669724	1.0038106271934477	1.0871227154308292	1.2936251949514885	0.22554571084694144	0.16825597180458457	78.65671239442935	1.9365724920688618	1.0736876734204799	0.9935981396800504	1.3189585161986799	0.0	3.8737745516725792	1.1556380180241308	1.0524385856983862	1.026521046467385	12.284793505616166
0.04447206778664084	0.041545106475136075	0.0499870768865017	0.05404885371306697	0.05615874790372698	0.06033525492182989	0.06601766431859328	0.0684819468148933	0.9753270726251976	0.9857248034218488	1.019174353096179	1.1392415727162015	102.86540259809111	0.0	17.3255647477833	1.0590659090057795	0.9497730010606554	1.008026457849149	0.9501167074830178	0.923246921765689	0.9414522099515474	1.0921698805635072	11.675395331340638	0.07517850824297967	0.07512590215039619	0.07561664606042592	0.0	15.569420634934625	0.9464653305191506	0.9603669184022656	0.9525257903684208	1.0776983024199953	1.0786763351984139	0.9630350338254596	1.1077459722743839	0.9661676400648528	0.9531839597252421	2.078817477779379	0.1117578223792826	0.12257407176705402	1.103275601034925	1.149903472343752	1.1031045414229372	2.796382175309123	2.6719377892099025	0.9402531642084373	1.0	0.9987364872659016	1.0001583352441747	65.61835091675012	0.1355094578748157	0.9455893445246335	1.6014711592921702	0.9515378144249277	0.9455903231458421	0.9180986744469327	0.9435564576165842	1.0215738605913298	1.2161945398907745	0.21209990822874977	0.15820573264818125	73.95971932083903	1.8200354027387702	1.008857227054174	0.9341494064442071	1.2404308345176207	0.0	3.643103679724125	1.0868350268395341	0.9897739980535557	0.9654926945301272	11.556297538547676
0.04453206205473876	0.04160436261623354	0.05005988272449463	0.05413317345660585	0.05624158944719906	0.060423772731387486	0.0661123059295083	0.06858046039548332	0.9767508424843391	0.9872624234067497	1.0208456230639025	1.1407977149714537	102.99160847026693	0.0	17.34234683306688	1.0606146818292315	0.9511342032646432	1.0092643382644457	0.9514935844875736	0.9244403678688514	0.9426535672122499	1.0931872814235986	11.686713527386818	0.07527966615605713	0.07522844863584216	0.07572358190527934	0.0	15.591512223611193	0.9477523823372639	0.9617917482431217	0.9538506313293798	1.0794513157236718	1.0806349171844578	0.9645915611942302	1.109766260043522	0.9676394864182581	0.9546429496221847	2.0810831197903186	0.1119157019932784	0.12273445276036873	1.1045554841243055	1.1512618906329606	1.1044459991787694	2.799893489862796	2.675270436378649	0.9414532923003567	1.0015104804142292	1.0	1.0012115296830024	65.6828055199779	0.13567179798906803	0.9469017251412213	1.6035610387038857	0.9529680013751063	0.9470290609375871	0.9193189456156828	0.9449233765090289	1.0232773586974258	1.2178105303811417	0.21234903058246624	0.1584012522400808	74.05363490579462	1.822900119794217	1.0106091575298808	0.9353698408745769	1.2417882045166915	0.0	3.6471229088438037	1.0880089691456705	0.9908596550824207	0.9664868116522598	11.567290159348724
0.04452457289967498	0.04160749508227768	0.050068142565032725	0.054157029462247055	0.05625305413943602	0.06043557363181391	0.0661155813158105	0.06858867863905456	0.9769958155038304	0.987735319415033	1.0215257043575767	1.1405851444274864	102.90854608375467	0.0	17.327992937631002	1.060886038999634	0.9512499824712835	1.0087748960039815	0.9516734678344569	0.9242346170715121	0.9422833536675819	1.0913081704744039	11.666933589871647	0.07526784598176012	0.07521951088546362	0.07572403296659913	0.0	15.58904806176997	0.9476061261579155	0.9620387227660412	0.953886159976489	1.0800185929660826	1.0817337314402933	0.965188255033672	1.1109298353829475	0.9679951931183539	0.9549890508553511	2.078947528852072	0.11191592918217873	0.12270543986269418	1.1034933316678879	1.1504591911755715	1.1037607369874134	2.7979911310667354	2.6741633575478176	0.9410970961197397	1.0015200709391465	0.9997958753484593	1.0	65.56293871758736	0.1355705268551208	0.9469104182942056	1.6031487708936831	0.9532838130084121	0.9473915938491427	0.9191959466574212	0.9451210232866398	1.0239859902232251	1.2175216149235415	0.21211819663266118	0.1583196101273722	74.01952486431131	1.8237803919493039	1.0114578830946797	0.9350957890183278	1.2404708442218835	0.0	3.6432628136900007	1.0869467114940912	0.9898394681401191	0.9652376423593212	11.545072772994638
0.0006818082009518799	0.0006372467590287929	0.0007668715021282598	0.000829608760007975	0.000861620676688668	0.000925666844836596	0.0010125423098354663	0.0010505189822312302	0.014965558930665755	0.015132246717050617	0.01565049605525471	0.01746475303420985	1.5747096844977242	0.0	0.2653947245389881	0.01625038082507566	0.01457027584231855	0.015444794731584237	0.014577082174646084	0.014153957491365877	0.01442780210405381	0.016691255523110776	0.17842260336822965	0.0011526226922995264	0.0011519187632300144	0.0011596709440251864	0.0	0.23873361955944047	0.01451013285980768	0.01473620864334527	0.014609878910356072	0.016543108205837768	0.016574330588855116	0.014787022640847565	0.01702112698451284	0.014828291891685897	0.014628596388547802	0.03181763053749859	0.0017139224835624556	0.0018789526147908796	0.01688705738566998	0.017610159580997563	0.01689601736768525	0.04282500895707865	0.0409423240787093	0.014409498786494137	0.015336678826527146	0.015309203593862845	0.015303337860489532	1.0	0.0020749711096444638	0.014502241051145405	0.024547586461628607	0.014602454772376452	0.014513059608355727	0.014077711554453502	0.014477309177983625	0.015687727975595905	0.01864361597015858	0.0032451682154325517	0.002423886492389623	1.133196368100019	0.02793921297813538	0.015495861328863493	0.014318299703171621	0.01898338190566636	0.0	0.0557500540702961	0.016634734180422106	0.015147654271748707	0.014767760085207679	0.17650425848444978
0.3283472407376495	0.306802637378183	0.36917386616124004	0.39926916589894396	0.4147714800723663	0.44560898565374824	0.4875214000320367	0.5057488936473863	7.203653651892167	7.281981372637714	7.530408895154655	8.41123852155149	759.2129435184967	0.0	127.87508205727055	7.822084039421924	7.014254599775813	7.440381548927947	7.0170470968414085	6.8161012003558215	6.949729975754985	8.053316473194796	86.09325804156036	0.5550678137519401	0.5547037758190707	0.5583819356420971	0.0	114.96900829851839	6.988102874903087	7.093264795342167	7.033803690710337	7.961890430449165	7.972473176332931	7.1151012110998835	8.187477862304721	7.136798835686981	7.040940690360855	15.33772976841193	0.8252611761166077	0.9049279687675219	8.140701852568808	8.486140004937214	8.141446163780463	20.639096455574784	19.723549356712898	6.940954830667716	7.3850443381304895	7.37341132625576	7.3783430599983015	483.8159575371382	1.0	6.9826760402115635	11.82301335112556	7.028402836522544	6.984918289510646	6.778765962298406	6.968764432288446	7.548230951163987	8.97923111685529	1.5648393410670176	1.167739244861374	546.0872236449321	13.445643096755521	7.455308050887784	6.896309474307766	9.151639146350076	0.0	26.87797272189977	8.018721798234813	7.302361395628157	7.121722089402512	85.2005133212452
0.04703540876803143	0.0439396542779556	0.05286846636956491	0.0571652979500777	0.05939589589975887	0.0638133087580544	0.0698239228940553	0.07242853736683866	1.0315263680342697	1.0425498837999259	1.077945974186998	1.2049461642222346	108.79057359519842	0.0	18.31179679460832	1.1201036693784117	1.004504900396964	1.0661036793598597	1.0048648882770574	0.9764331345795377	0.9957178544818015	1.1551899187821248	12.34951321392563	0.07951085555234119	0.0794551398738541	0.07997631194868153	0.0	16.46639006445332	1.0010292951123045	1.0157191660716196	1.0074143077478328	1.1398910998801168	1.1409727127016807	1.0185722754666	1.1717366862275898	1.0218677238652136	1.008126653577112	2.198582996012434	0.11820107206661143	0.12963696939962482	1.1669325629927945	1.2162022622313113	1.1667231365365616	2.9575592568117965	2.825871297179882	0.9944377003873682	1.0577665084470957	1.0563003229609484	1.057806319391503	69.40966484290557	0.14332609568452345	1.0	1.6937669537642874	1.0063950017493517	1.0000897239712732	0.9709792062600943	0.9979184365396782	1.0805032887586592	1.28624885863512	0.22435257935978595	0.1673229017347904	78.1901291736155	1.9248797756495808	1.0670869252995103	0.9879941823596934	1.3119354657000062	0.0	3.8531237969592347	1.1494687330791358	1.0468558610858159	1.0211775699014352	12.224081322151287
0.0277726295097186	0.02594677127400778	0.03122019963066536	0.03376049489453204	0.03507544615804637	0.03768371040678488	0.041231311754397565	0.04277070257987788	0.6091657966410587	0.6157142720497455	0.6366604574661701	0.7114635964576189	64.23385234503178	0.0	10.816602773980847	0.6614584180616947	0.5931842828306236	0.6294282511111295	0.5934040924130315	0.5765382208543287	0.5878937210085001	0.6817570118581078	7.288418982114282	0.046948463487586384	0.04691687295942426	0.047225478597954174	0.0	9.723766514648467	0.5910686696000639	0.599829522492577	0.5948738952799542	0.6732062715391124	0.6739369187870362	0.601569005507605	0.6921066376479219	0.6034723621180657	0.595369662399171	1.297869639199449	0.06979676352007913	0.07654398315869684	0.6888719646583745	0.7179879368087123	0.6887995518651618	1.7462293329032361	1.6684718050495593	0.5871454768715376	0.6246013319049356	0.6236845205105012	0.6244071510286255	40.962616091197454	0.0846113819514877	0.5905416611076728	1.0	0.5943230456701593	0.5906209620838955	0.5733407869774984	0.5893070682672057	0.6381667653095978	0.759497151958794	0.13243173566169347	0.09878813027120915	46.185700065365744	1.1368569211723962	0.6302695455585972	0.5833456001820837	0.7744382524797265	0.0	2.2745071592034543	0.6785426324474548	0.6179538508017309	0.6027476376530433	7.213703483480106
0.046747074678924576	0.043666564779846366	0.05253821436932112	0.056802368390046966	0.05902445931164277	0.06341382572825327	0.06939079739889106	0.07197812452452929	1.0250848129399974	1.0359252143436501	1.071033230121413	1.197553221230461	108.169094560311	0.0	18.213171011723816	1.1130664102969812	0.9982643719802137	1.0596963803268713	0.9985837604098845	0.9704745527683994	0.9896927126168454	1.1487161183122727	12.280213318450798	0.07902353507896409	0.07896805334269216	0.07948112863846454	0.0	16.366926664254077	0.9949031583453273	1.0093496156802066	1.00116558630875	1.132601857354474	1.1334199493367636	1.0120150522640314	1.1639594048438244	1.015410048873795	1.0017653739607042	2.185813109048071	0.11746966604633757	0.12884591852949379	1.1601521121866114	1.208979685456492	1.1597804710864739	2.9401560222007137	2.8088775734572575	0.988434184912818	1.0512113551701672	1.049874770742308	1.0517061053435517	69.02327935824817	0.14247449874405968	0.993904988332649	1.683458895490958	1.0	0.9937658879893698	0.9650374193691454	0.9916798395286537	1.073517982009669	1.2784554762721694	0.22305024109149496	0.16632081711925323	77.75002067951334	1.9126843126054707	1.0601302154082777	0.9819791825761143	1.3043081967336807	0.0	3.8308012020326814	1.142760434172365	1.0407489006135793	1.0153132721843983	12.156314489075346
0.047044519927880855	0.04394355838250718	0.052871244396982514	0.05716160012870048	0.059398401516650934	0.06381578640455175	0.06983132294731526	0.07243441247804346	1.0315723141471265	1.0424627914426445	1.0777823811264227	1.205189118119675	108.85362710600464	0.0	18.32599786866238	1.1201197516152692	1.004589992164318	1.066455943184584	1.0049086495445805	0.9766516375229046	0.9960060689936293	1.156162520527114	12.360104010594092	0.07952615733546083	0.07946962263347634	0.07998626018937535	0.0	16.47059829621109	1.001240007864853	1.0157430538786802	1.0075228823144913	1.1397638008828077	1.140570968328029	1.0184120339137195	1.1712974529424613	1.02183666846933	1.0080967025197765	2.199820299722976	0.11821584083904096	0.12966659491970203	1.1676029177290805	1.2167277070784508	1.1671969577707921	2.958896825753268	2.8267858411694506	0.9947341241757289	1.057888593762453	1.05656324616451	1.0584628336325541	69.47081479353473	0.14338877684408025	1.0002037973124973	1.6941890293232438	1.0063682729519783	1.0	0.9711643612973806	0.9979605538404512	1.0803023632461093	1.2865822247751773	0.22448933313909505	0.16738208255341777	78.23714337076008	1.9247419589415262	1.0668162531981555	0.9882335109176268	1.3126901126341328	0.0	3.8554832430133255	1.1500846659159434	1.0474426775603505	1.0218556376506152	12.235631300397067
0.04844354407880796	0.04525700634511854	0.05445429238838354	0.05888356820994812	0.06117835904787703	0.06572796685950424	0.071917946200784	0.07460098787539737	1.0624899448110459	1.0738861813213392	1.1103924335456345	1.241026813814303	112.05522985276725	0.0	18.86293365994003	1.1537042370238713	1.0346210366660984	1.0979597358546054	1.0350051497908253	1.0056316025500551	1.0254821972156427	1.1895281782824012	12.71720244472403	0.0818913166785173	0.0818349665176462	0.08237354138478693	0.0	16.96113389510427	1.031013968412679	1.0462049355657717	1.037599413379309	1.1741819016158115	1.175399192407825	1.0492033466620099	1.20708551292704	1.0525650104853566	1.0384180777408105	2.2641411117779144	0.12174404234536067	0.1335161595756136	1.201781311010099	1.2524972830173415	1.2015517735919214	3.0459814212531295	2.9103666656415275	1.0241756948883214	1.0894862088968327	1.0879131188257585	1.0893108256197155	71.47717392235869	0.14760479087870723	1.0300429991694815	1.744461759988193	1.0366040635865348	1.030121873060014	1.0	1.0278522677811186	1.113033614847562	1.324794025112708	0.23105005938887643	0.1723223845092208	80.55570023461141	1.9828002777983902	1.0992560251882992	1.0175452558456188	1.3510439223518063	0.0	3.96810678554966	1.1837219833184527	1.078051318725465	1.0515832907467444	12.587515324693687
0.04713921825381258	0.044034214635049335	0.05298120162224753	0.05728394604826916	0.05952245014816589	0.06394902153726974	0.06997509145246854	0.07258437562052776	1.033723710864312	1.0447038156681605	1.0801376137406096	1.2076037161967206	109.06469492475583	0.0	18.361079469161396	1.1224676037260672	1.0066676761494249	1.0685367868481406	1.0070057105876655	0.9785949288490831	0.9979647011951467	1.1581576289318745	12.381409584363713	0.0796863108650592	0.07963043736400478	0.08015002734535336	0.0	16.50379789208756	1.0032465806228166	1.0178671119193423	1.0095867451170524	1.1422323931569884	1.143177123374293	1.0206314256504565	1.1739885241414498	1.0240044185159216	1.0102438179521966	2.2039016366634905	0.11845791599614537	0.12992537683125918	1.1697677849654877	1.2190273110468728	1.1694283275489536	2.964620427705974	2.8322950627308527	0.9966913025153397	1.0600682831658912	1.058663548660761	1.0603852674430247	69.59219675599414	0.14366101896027705	1.002244831227249	1.6975549281484752	1.0084944403383067	1.0021725251134772	0.973114948209364	1.0	1.0826740679132998	1.2891581111991834	0.22490121377760525	0.16770694366352498	78.39106059140451	1.9289034823699	1.0692089718733047	0.9901997762882792	1.3151109281915156	0.0	3.8624838485942616	1.1522247293091692	1.0493679785068897	1.0236956802825221	12.256173899388084
0.04356638802528212	0.04069104535136472	0.048956552225602655	0.052922726805088034	0.054999445958939346	0.0590895921531121	0.0646625865941117	0.06707270177492033	0.9551877864493763	0.96516337097977	0.997789223321121	1.1160744417457384	100.83199606015297	0.0	16.978893792119464	1.0371619020571181	0.9302461016824676	0.9877420074217833	0.9305100067425895	0.9044996428628069	0.9224564236613765	1.0711685824285089	11.450860420650722	0.07364680535591797	0.07359390802896824	0.07406765624958957	0.0	15.252829754208454	0.9272043845431381	0.9405021486627183	0.9329785532064899	1.0551806353973159	1.0556533310109262	0.9428129994375747	1.0840968940768525	0.9460957434097037	0.9333729183342505	2.0377853971898743	0.10946845228248278	0.12008445251440245	1.0815520344963199	1.1269933517304451	1.0810990334902328	2.740573879314138	2.618096624887673	0.9212819089108062	0.979586098099737	0.9784986990138637	0.9805533495263652	64.36324159605303	0.13281046463696297	0.9262121386149775	1.568995433259879	0.9317909635191043	0.9259377537600894	0.8993886369347767	0.9240692964356517	1.0	1.1914909753612186	0.2079426055657852	0.15502967557996025	72.46477312215066	1.7819543599719103	0.9875074666450183	0.915222508557161	1.2159833347556572	0.0	3.5713671901776607	1.065373352567101	0.9702881719138795	0.9466451362036712	11.336214290756251
0.03657103613527414	0.03416603657516985	0.041109816364294616	0.04445388473305275	0.046185845885267335	0.04962071774801433	0.05429219712472693	0.0563186748799774	0.8021179642528338	0.8107306188333449	0.8383005632575871	0.9368593403107541	84.56214869302552	0.0	14.236696516869971	0.870995933111675	0.7810816754770097	0.8288513062913039	0.7813801945801537	0.7591925940494679	0.7741429045096679	0.897792257669722	9.597775115147451	0.06182132384645931	0.06177875738210019	0.06218586030101559	0.0	12.802748358013856	0.7783203375341741	0.7898230386419853	0.7833376662257467	0.8864312911727035	0.8873775060968887	0.7921222258113174	0.9113132931926605	0.7946285842502205	0.7839360005424166	1.7090354191297517	0.09190745615064327	0.1007936988555118	0.9070974970463547	0.9454783389360066	0.9070249897323576	2.2991674046626045	2.1970105376991635	0.7731457717455684	0.8224569430743152	0.821268343369707	0.8222365954915503	53.942778013576365	0.11142060523771317	0.777584948450813	1.316897756081591	0.7825862634899107	0.7776980218174506	0.7549629944091251	0.7759796333067771	0.8402913339138032	1.0	0.17439219148223223	0.13008455088163207	60.79202136049562	1.4968858567525596	0.8298764834358341	0.7681570924224225	1.019807302591052	0.0	2.9951298954598036	0.8935422191699312	0.8137655956066636	0.7937385181087901	9.499740646420834
0.20994510037338443	0.19618756713321953	0.2360773142302953	0.25534355490029614	0.2652368435167561	0.2849586556249106	0.3117361057088145	0.32340744278902406	4.606642264328575	4.657137520303263	4.816140972618971	5.377857467787464	485.2495326817397	0.0	81.75862941864266	5.00228823209938	4.485389378632247	4.756925553230482	4.487386575670683	4.358331858666618	4.4432616060365655	5.145896994520942	55.008184255494605	0.35491528748319034	0.35468221781312115	0.35704393703450316	0.0	73.50130777128311	4.468062403714369	4.536081191455823	4.497881735270212	5.0917869015096535	5.09954893907285	4.550728772340405	5.237115230567031	4.564119917346328	4.502793657168192	9.803778756090898	0.527694082109397	0.5786023662625936	5.202870006658732	5.424775572365989	5.204393995313785	13.192642159246482	12.609848589566733	4.437624908350962	4.721862536125898	4.714315309225668	4.715885219851294	309.09376385924526	0.639235704838811	4.464949309244785	7.559291389241185	4.494783991622015	4.467120255539517	4.3345466806810515	4.456515050854065	4.827728094609495	5.741033409585829	1.0	0.7465475022904404	349.08714679706594	8.599288036387462	4.7683772483105065	4.409300218465529	5.849554285610403	0.0	17.17906451708845	5.125630358288804	4.6674386368807035	4.551505062072232	54.43177468099984
0.28116524295081113	0.2626988442931778	0.31609685989773034	0.34184586545450796	0.3551342134908723	0.38154253425269896	0.41744560113690093	0.43303703189238474	6.167744692606902	6.2345379778866485	6.44694939670954	7.202730648106802	650.1396670048154	0.0	109.46953401183671	6.697323988709763	6.005713883139345	6.371700218807171	6.008106312402075	5.836595151565234	5.951318768982004	6.899169351447494	73.75696547247463	0.47530003597987536	0.47498023951839996	0.47812614218744626	0.0	98.44066349847355	5.9839519140881565	6.073274548119344	6.0227638328351825	6.816794932476715	6.825265136486716	6.091603802326929	7.009340316668851	6.110450598073505	6.028330365256846	13.136311292969703	0.7066461604719323	0.7749026204973245	6.972413845200765	7.267724872343824	6.972343731041609	17.6749887917152	16.889913233959916	5.9437484828176075	6.323670089993113	6.313947599820343	6.319635877580969	414.5253841409441	0.8564645808831006	5.978818652348286	10.124362104081428	6.017695187314884	5.980252261076136	5.804382283932932	5.966670643721751	6.462363905993712	7.688874770529096	1.340389489640373	1.0	467.51960240162725	11.511523895747812	6.382636045797515	5.905486931324336	7.838389067490945	0.0	23.021539976337046	6.867881653264463	6.254546186425819	6.10027304805134	72.99826838935459
0.0006092303590736568	0.0005691761878278906	0.0006848733718297544	0.0007406022574677058	0.0007693899803288995	0.0008266847889289245	0.000904424721465525	0.0009381315821912993	0.013361072136468284	0.013506252009795537	0.013965405600285611	0.01560722171516004	1.4043816940783926	0.0	0.23574141490166836	0.014512597389712594	0.013010517065674859	0.013807234340391132	0.013016863928177164	0.012648090131993622	0.012894307134199548	0.014949590186708153	0.15979409507938322	0.001029819974194476	0.001028977312897885	0.0010359859730511805	0.0	0.21300815256401595	0.012965175750061926	0.01315758260878378	0.013052068704823377	0.014769244240114488	0.014789428975373248	0.013199848316652253	0.015189052219210936	0.013238766322207446	0.013059054892956114	0.028455047712179847	0.0015310672905815544	0.0016791075239415661	0.015103438820150472	0.015748852158039884	0.015108086399653472	0.03824293083469156	0.036586472623907816	0.01287665577051041	0.013701639651946535	0.013679906513921196	0.01369098183953584	0.8978901869192695	0.0018561181807088788	0.012947434118073513	0.021936235196783973	0.013038451150267902	0.012955550365679556	0.012574721471596639	0.01292593255108354	0.014001469202899984	0.01665139511747567	0.002904510818189435	0.002166561655919491	1.0	0.024926105940729398	0.013827059161263549	0.01279709799201916	0.01698389377228199	0.0	0.04986490500024554	0.014881909449565333	0.013554324773556694	0.013218580262744174	0.15820154549650847
0.024449518120696158	0.022837047589181064	0.027476416498049563	0.029704458517151925	0.03086815502359038	0.03316383977222057	0.03629055956770147	0.03764333956628354	0.5360955205720377	0.5417233324344123	0.5600631263142515	0.6263509866770135	56.5700482697169	0.0	9.520954014284028	0.5821080706040477	0.5220821488792247	0.554278059896309	0.5222322179796259	0.5075903459570535	0.5176510527131433	0.6009672085531566	6.424662639626418	0.04133051263430375	0.04130071770601917	0.04156868116229382	0.0	8.55957610402606	0.520357632381305	0.527853290392877	0.5236099150948236	0.5922774484641331	0.5926283105778195	0.5292112141489251	0.6085954428061675	0.531013140442878	0.5238637231251894	1.143388628622154	0.061436549001946845	0.06739018114550754	0.6068759632886852	0.6324057477156168	0.6066612205082427	1.5377704994641588	1.4691523884832949	0.5169949324822815	0.5497809674971422	0.5491206623747208	0.5501635204437294	36.11036156353175	0.07452594637610398	0.5197880026891365	0.8805044337397749	0.5229849153672436	0.5196913785525314	0.5047264697530603	0.5186260325529282	0.561349550193243	0.6686344020990971	0.11668157632144788	0.0869951829050551	40.64565074054726	1.0	0.5543277901232335	0.5136058567133516	0.6822828273323974	0.0	2.0038835106918476	0.5977834064541788	0.5444348379604459	0.5311447758421574	6.359907986578254
0.04412848089160922	0.041214446155160164	0.04958550100662464	0.05359978433936012	0.05570551150536699	0.05984823840242157	0.06549405001052197	0.06793476291814123	0.9674479796030054	0.9775066086023159	1.0105128635831822	1.1304609917422153	102.13362134742991	0.0	17.19958691487265	1.050481646389875	0.942207688909747	1.0005372109859334	0.9424531839118487	0.916191742888291	0.9343911315929723	1.085224580103419	11.600903476180266	0.07459690487499798	0.07454264261545177	0.07502067502591812	0.0	15.449035048271043	0.9391695952573962	0.9525712056647518	0.9449955411285723	1.0686499385749257	1.0690379816998041	0.9548545087439297	1.0978270238509584	0.9582119951071767	0.9453240291757052	2.0643382748215386	0.1108770491215421	0.12163596484982	1.0956002554081055	1.141627844270514	1.0951209097952137	2.775963221536435	2.6520016243307234	0.9331959425742691	0.992164598760281	0.9911315474768736	0.9933537995209785	65.20384018547202	0.13453434277355775	0.9381345641047828	1.5892600138302673	0.9437350284125079	0.9377945021703236	0.9110020019862127	0.9359461260901237	1.0127968292811562	1.2068552043642453	0.21064506900394725	0.15703782347321185	73.39106132374864	1.8047265380598703	1.0	0.9270476814507094	1.231835028374001	0.0	3.6178983368916025	1.0792527365911586	0.9829310035568625	0.9590150309572306	11.48481049964045
0.04761146145449895	0.04448169990590743	0.05352222660345369	0.057878001227132506	0.060131680145741294	0.06460290039244214	0.07068488830687057	0.07332407251812639	1.0443274991068825	1.055564120357366	1.0914791717698438	1.219686901627985	110.13604114360771	0.0	18.542840333549535	1.1339792106430526	1.0169267571076082	1.0790418252585237	1.0172995749841347	0.988362864219977	1.007836427352192	1.1687336618389372	12.494818720426315	0.08048544797614689	0.0804311081485003	0.08096066408513786	0.0	16.67048074845338	1.0133021732908787	1.0283188539753418	1.0198065666128755	1.1541179822797134	1.1553985063278926	1.0313103376462514	1.1865495247076276	1.0345783915308326	1.0206757204351447	2.2249395978053768	0.11965617056474354	0.13122161937968996	1.180950049887496	1.2308646889917383	1.1808322893279288	2.993569115469634	2.860319976316361	1.006564469212184	1.0707894918249445	1.0692190953765226	1.070419630641555	70.22199329850221	0.1450511960002322	1.0124071955415077	1.7144696368477461	1.0188878878226553	1.0125363861908552	0.9828993665791691	1.010286717564899	1.0940643521877762	1.3020509648939294	0.22703094616924058	0.16935445559107667	79.18711778942749	1.9489843409333008	1.080530623634992	1.0	1.327619096347742	0.0	3.899249503534828	1.163227242458864	1.0593533416308019	1.0332994146425905	12.36653584947365
0.03589146661036825	0.03353903617914374	0.04035870098400868	0.043652931117764054	0.04534405693812042	0.0487151298153046	0.053294748883967596	0.0552881798145707	0.7875367675028225	0.7961596600015669	0.8233818453492858	0.9194368666151164	82.96750158421072	0.0	13.972208351743266	0.8551453830552104	0.7667952029429486	0.8132115594586307	0.7671138074237319	0.74503863150342	0.7596107097892622	0.879855929500306	9.406121707999832	0.060673953880040994	0.06063500226858832	0.06104039847728149	0.0	12.56656799147292	0.7638738057020981	0.7754709152297483	0.7689123521398943	0.8705232944060786	0.871833101281021	0.7779593653548622	0.8953608618332911	0.7802599289553009	0.7697767623835613	1.6760318048647052	0.09021415036096177	0.09891473331439847	0.8896348027821985	0.9274547948251473	0.8898149798748273	2.2555875798602703	2.1557974567864227	0.7586540317263271	0.8073164217599645	0.805958864201705	0.8062437101710311	52.85968415597468	0.10929116804065234	0.7633008549454942	1.292327892224984	0.7684010740505707	0.7636538504180332	0.7409793287969922	0.7618448515442697	0.825336060100683	0.9814724207470221	0.17100835018698007	0.12762901598698245	59.678390191302576	1.4700304024065423	0.8152221971275272	0.7537987677290321	1.0	0.0	2.937173175029109	0.8762840858138226	0.7979986715495737	0.7781788314502013	9.308132518030334
0.0	0.0	0.0	0.0	0.0	0.0	0.0	0.0	0.0	0.0	0.0	0.0	0.0	0.0	0.0	0.0	0.0	0.0	0.0	0.0	0.0	0.0	0.0	0.0	0.0	0.0	0.0	0.0	0.0	0.0	0.0	0.0	0.0	0.0	0.0	0.0	0.0	0.0	0.0	0.0	0.0	0.0	0.0	0.0	0.0	0.0	0.0	0.0	0.0	0.0	0.0	0.0	0.0	0.0	0.0	0.0	0.0	0.0	0.0	0.0	0.0	0.0	0.0	0.0	0.0	0.0	0.0	0.0	0.0	0.0	0.0	0.0
0.012222643971335146	0.011421537278951835	0.013743896932347482	0.014865620242967515	0.015441586760756755	0.016589673650243244	0.01814902637465352	0.018827978719802747	0.2681858107003899	0.2711266983194973	0.28039255492068643	0.3131057739084778	28.252722737298548	0.0	4.757534839592575	0.29121510062858513	0.26112794252816635	0.2769370728664931	0.261239464623832	0.25372519150204137	0.2586825739643511	0.29962036172489204	3.2030640377578328	0.02066225749177072	0.020648895876617977	0.020786758716686827	0.0	4.279345377199053	0.2601278119274125	0.26407835651367706	0.2618500383847873	0.2964439434038301	0.29689090182511524	0.26493000281971274	0.3049066074576928	0.2657092774882623	0.2621404335457474	0.5707607844220209	0.03072170291411467	0.03368485523972417	0.30294264627650613	0.3158341823125374	0.3030160583262511	0.7680805743179925	0.7341189544385062	0.258352331331448	0.2749210808042775	0.27446138841882384	0.27455955280691174	17.99957234946034	0.03721765210905247	0.25993257757691846	0.4400872909930031	0.26167443252613165	0.26006152634338703	0.2523390159589831	0.25943876888056167	0.281060983840003	0.33422620711675305	0.05823178127548058	0.0434632970614079	20.317108257175633	0.5006070355712444	0.27761498466291373	0.2567013663969177	0.34056174316909804	0.0	1.0	0.2984111829247691	0.27174783757345056	0.26499869447862545	3.169642768549622
0.04095976027092076	0.03827471664418898	0.04605693300407682	0.04981575918034922	0.051746138423069875	0.05559338828530968	0.06082044244950605	0.06309453817209214	0.8987160949674419	0.9085577307636843	0.939607085829901	1.0492718499560238	94.69004324586261	0.0	15.945725008975542	0.9758751768294698	0.8750555236159816	0.9280661644487994	0.8754128759081115	0.8502484962663436	0.8668891263039975	1.0042323382416993	10.736021946973183	0.0692418056866121	0.06919715695786902	0.06965939494563765	0.0	14.34213457502221	0.8717400993600991	0.8849599310577397	0.8774745651046605	0.9934310256552368	0.9949072248873028	0.8877812529374328	1.021746420536322	0.8904153797696073	0.87845912583713	1.9128625613521562	0.10295269319126055	0.1128824877766454	1.0153354532767143	1.0584625646315038	1.0154875719176784	2.5743395468998367	2.460198584594268	0.8657930656292867	0.9213267766254761	0.9197660980039672	0.9201696148666836	60.33219535457573	0.1247300054560765	0.871083510517116	1.474831912367586	0.8768843782361495	0.8714520972269774	0.8456022888792867	0.8694021939040909	0.941854601962339	1.1200949972031737	0.19517385819583088	0.14565491252269827	68.1101899028949	1.677586540308514	0.9303036815027881	0.8602529770826548	1.1413656238984287	0.0	3.3521898847819687	1.0	0.9107391917297954	0.8881545973109913	10.624232909843505
0.044978837984870804	0.0420309119265195	0.050576990093307135	0.054705404523245404	0.05682472470066823	0.06104935876882278	0.06678852780749679	0.06928675231688115	0.986922014032496	0.9977393424915357	1.0318382728211932	1.1522140745966365	103.97915615093389	0.0	17.513458007766168	1.0716622037964167	0.9609397220635584	1.0191194371288956	0.961337644734202	0.9336746059690185	0.9519441315835914	1.1026669760051884	11.788159838832975	0.07603642200625513	0.07598734683902297	0.07649462548387932	0.0	15.749138621562222	0.9572752515656203	0.9718106854190588	0.9635925830094203	1.0909274564577232	1.092574586427961	0.9749280454418754	1.122047567674576	0.9778110898192377	0.9646845217090684	2.1004905310517152	0.1130553832467705	0.12395865539123177	1.1148775057598095	1.1622645820927058	1.1150869978765212	2.8268355910895497	2.7015956602056965	0.9507357742736227	1.0117120911193938	1.0100149291506928	1.0104047272389838	66.24438820896799	0.13696201775427883	0.95657778235348	1.619542084432192	0.9629474350187297	0.9570029439287275	0.9285945617038621	0.9547318125213695	1.0343136182703498	1.230013116011925	0.2143008322752345	0.15994438201080674	74.79840157656437	1.842285046681712	1.0216317326744508	0.944654238661398	1.2532942188627847	0.0	3.6808713030355698	1.098158541562815	1.0	0.9752323780755984	11.665095937955194
0.04613917048710795	0.043118032739970544	0.051886599121289144	0.05612547208695232	0.058296465133903005	0.06263037400974997	0.06851500217717062	0.07107957673106269	1.0125010780089854	1.023655232322902	1.0587033307061229	1.1819259280635062	106.63532703054646	0.0	17.96166302817446	1.0994301891684475	0.9858158520491397	1.0453185700321816	0.9862407787375865	0.9577638513105539	0.9764394010457594	1.1305637594473263	12.086103811851007	0.07799811764309125	0.07794878815634379	0.07847170229786074	0.0	16.15475133397253	0.9819612855894199	0.9969946699188643	0.9885123379715384	1.1192633166572037	1.1210874016106054	1.0002896885032329	1.1513410554988104	1.0031789831379683	0.989708358693875	2.1541263452771338	0.11597671709581689	0.1271540602441935	1.143359055698918	1.192078679249401	1.1437047474475088	2.899167268459942	2.7710784509367024	0.9752038435322435	1.0378515443488165	1.0360392441667163	1.0361663200885831	67.9171115596203	0.14047096663826433	0.9812941313035578	1.6612544991951745	0.987920186331204	0.9818337259561362	0.9525640188932281	0.9794649254968565	1.0612188391048831	1.2616890166715777	0.21976822954104233	0.16405399437379956	76.71562697906415	1.8901175102697687	1.0482473022295722	0.9689975872023305	1.285271317967443	0.0	3.7747918878524134	1.1262221669048522	1.0255874468175397	1.0	11.959459302818585
0.003865154182846845	0.003612666404975678	0.004347581699415366	0.004703491887441862	0.004884787614207352	0.00524786943805303	0.0057402843020409626	0.0059556279185288725	0.08484178481189787	0.08578956131581018	0.08873327651367621	0.09900662879546689	8.928312234771766	0.0	1.5046907034244041	0.09212827455372795	0.08260151522455833	0.08755188654031983	0.08264008820187693	0.08023436985083642	0.08178777504279552	0.09459932832556411	1.0112217293722812	0.006534195645267312	0.006530171944155175	0.006574320971940422	0.0	1.3533210606417057	0.08225947035544114	0.0835435924263438	0.08282164165012021	0.09379707821577553	0.09397774035675564	0.0838369635732557	0.09651633901172404	0.0840672072937365	0.08293835040663938	0.1803508875381778	0.009716457605104133	0.010651595219511222	0.09572116700578245	0.09982784597909466	0.0957787880346891	0.24277557600933813	0.23211045315182643	0.08168406627901448	0.08694569799182449	0.0867868855412814	0.08674401225605452	5.68152420594265	0.011762257404379499	0.08221571463196894	0.13915613422549414	0.0827870531037464	0.08228308258615898	0.07980471477785415	0.08207495592220375	0.08894589867428643	0.10568885768710584	0.018395527963268352	0.013740195255560505	6.426399012934491	0.15840419745363613	0.08786222288276149	0.08116827327348801	0.10760329263269873	0.0	0.3160167929167111	0.09429299850893345	0.08586194842170765	0.08370679752595579	1.0
